,DEPARTAMENTO,MUNICIPIO,Total_100 y más,Total Hombres,Total Mujeres,Total,Total_0_4,Total_5_14,Total_15_44,Total_45_64,Total_65_84,Total_85_99
107,ANTIOQUIA,MEDELLIN,1631,1193791,1339633,2533424,148533,311575,1224276,581270,240903,25236
260,ANTIOQUIA,ABEJORRAL,15,10558,9729,20287,1291,3046,8299,4993,2417,226
413,ANTIOQUIA,ABRIAQUI,0,1482,1253,2735,213,427,1156,608,302,29
566,ANTIOQUIA,ALEJANDRIA,0,2338,2360,4698,420,737,1889,1062,525,65
719,ANTIOQUIA,AMAGA,9,15382,15901,31283,2024,4280,14150,7653,2868,299
872,ANTIOQUIA,AMALFI,9,13573,13498,27071,2181,4887,12308,5389,2069,228
1025,ANTIOQUIA,ANDES,27,22904,21295,44199,3157,6527,19693,10114,4285,396
1178,ANTIOQUIA,ANGELOPOLIS,2,2936,2905,5841,402,857,2492,1404,617,67
1331,ANTIOQUIA,ANGOSTURA,2,5830,5706,11536,972,2052,5123,2317,970,100
1484,ANTIOQUIA,ANORI,4,9992,9112,19104,1964,3835,8953,3124,1104,120
1637,ANTIOQUIA,SANTAFE DE ANTIOQUIA,24,13404,13598,27002,1956,4242,12461,5634,2365,320
1790,ANTIOQUIA,ANZA,2,3699,3470,7169,626,1292,3159,1422,578,90
1943,ANTIOQUIA,APARTADO,32,62470,65274,127744,11572,23845,64210,21969,5642,474
2096,ANTIOQUIA,ARBOLETES,8,15278,15232,30510,3262,6478,12705,5582,2238,237
2249,ANTIOQUIA,ARGELIA,1,3886,3659,7545,665,1407,3154,1504,747,67
2402,ANTIOQUIA,ARMENIA,0,2528,2546,5074,324,670,1774,1446,781,79
2555,ANTIOQUIA,BARBOSA,21,26997,27350,54347,3314,7222,24653,13210,5416,511
2708,ANTIOQUIA,BELMIRA,2,3087,3029,6116,491,1132,2747,1249,441,54
2861,ANTIOQUIA,BELLO,199,266213,285941,552154,35416,72435,279293,119773,41298,3740
3014,ANTIOQUIA,BETANIA,4,5340,4944,10284,789,1796,4350,2301,943,101
3167,ANTIOQUIA,BETULIA,5,8126,7770,15896,1379,2923,6959,3295,1223,112
3320,ANTIOQUIA,CIUDAD BOLIVAR,205,13152,13161,26313,1849,4103,11011,6197,2618,330
3473,ANTIOQUIA,BRICEÑO,2,4244,3876,8120,839,1662,3623,1436,504,54
3626,ANTIOQUIA,BURITICA,2,5015,4619,9634,927,1791,4310,1707,790,107
3779,ANTIOQUIA,CACERES,6,15809,14547,30356,3780,6980,12808,4819,1765,198
3932,ANTIOQUIA,CAICEDO,2,4274,4262,8536,810,1585,3861,1566,654,58
4085,ANTIOQUIA,CALDAS,77,39870,43553,83423,4475,9605,39124,21304,8105,733
4238,ANTIOQUIA,CAMPAMENTO,2,4772,4471,9243,813,1877,3997,1731,740,83
4391,ANTIOQUIA,CAÑASGORDAS,14,7839,7713,15552,1241,2651,6433,3336,1660,217
4544,ANTIOQUIA,CARACOLI,0,2286,2246,4532,346,644,1712,1158,604,68
4697,ANTIOQUIA,CARAMANTA,0,2319,2329,4648,277,637,1846,1246,593,49
4850,ANTIOQUIA,CAREPA,16,25450,25693,51143,4967,10386,25722,7796,2078,178
5003,ANTIOQUIA,EL CARMEN DE VIBORAL,12,30904,31677,62581,5045,9570,30111,12735,4730,378
5156,ANTIOQUIA,CAROLINA,0,1959,2013,3972,178,459,1585,1157,528,65
5309,ANTIOQUIA,CAUCASIA,27,46361,49066,95427,9569,18848,44054,16824,5558,547
5462,ANTIOQUIA,CHIGORODO,8,28868,30968,59836,5789,12235,28921,9606,2994,283
5615,ANTIOQUIA,CISNEROS,4,4736,5200,9936,644,1414,4085,2452,1205,132
5768,ANTIOQUIA,COCORNA,2,7293,7540,14833,1334,2464,5900,3283,1661,189
5921,ANTIOQUIA,CONCEPCION,0,2458,2300,4758,337,703,1841,1208,595,74
6074,ANTIOQUIA,CONCORDIA,4,10839,10849,21688,1486,3480,9159,5064,2283,212
6227,ANTIOQUIA,COPACABANA,27,39715,42105,81820,4396,9660,38446,20912,7611,768
6380,ANTIOQUIA,DABEIBA,8,11912,11597,23509,3125,5340,9708,3577,1549,202
6533,ANTIOQUIA,DONMATIAS,20,9203,10506,19709,1482,3123,9070,4250,1586,178
6686,ANTIOQUIA,EBEJICO,2,6171,5963,12134,702,1649,4357,3451,1776,197
6839,ANTIOQUIA,EL BAGRE,10,26679,27167,53846,6280,12157,23931,8551,2668,249
6992,ANTIOQUIA,ENTRERRIOS,4,5857,5871,11728,958,1934,5517,2442,796,77
7145,ANTIOQUIA,ENVIGADO,171,111502,130695,242197,10759,22875,106997,68750,29544,3101
7298,ANTIOQUIA,FREDONIA,6,12442,12312,24754,1375,3265,9720,6835,3210,343
7451,ANTIOQUIA,FRONTINO,6,10353,10347,20700,2406,4170,8388,3860,1687,183
7604,ANTIOQUIA,GIRALDO,2,2943,2807,5750,531,1046,2516,1065,518,72
7757,ANTIOQUIA,GIRARDOTA,21,26687,27752,54439,3316,6955,25394,13372,4843,538
7910,ANTIOQUIA,GOMEZ PLATA,5,4944,4977,9921,616,1451,3930,2544,1214,161
8063,ANTIOQUIA,GRANADA,4,4863,4901,9764,985,1770,3835,2063,990,117
8216,ANTIOQUIA,GUADALUPE,2,3392,3273,6665,503,1108,2973,1422,598,59
8369,ANTIOQUIA,GUARNE,16,28847,29312,58159,3878,7434,26508,13628,6094,601
8522,ANTIOQUIA,GUATAPE,6,4258,4451,8709,597,1185,3805,2075,947,94
8675,ANTIOQUIA,HELICONIA,0,2815,2580,5395,297,709,2102,1515,686,86
8828,ANTIOQUIA,HISPANIA,2,2788,2803,5591,410,826,2360,1265,667,61
8981,ANTIOQUIA,ITAGÜI,156,138138,151856,289994,16207,33056,140574,70429,26960,2612
9134,ANTIOQUIA,ITUANGO,6,16991,10798,27789,2053,4430,13817,5582,1738,163
9287,ANTIOQUIA,JARDIN,9,7381,7449,14830,974,2092,6080,3650,1842,183
9440,ANTIOQUIA,JERICO,4,6806,6900,13706,794,1788,5417,3620,1873,210
9593,ANTIOQUIA,LA CEJA,12,33093,35232,68325,4139,9036,32115,16058,6431,534
9746,ANTIOQUIA,LA ESTRELLA,17,36583,38934,75517,4283,8921,36736,18113,6743,704
9899,ANTIOQUIA,LA PINTADA,2,4260,4200,8460,563,1295,4183,1762,600,55
10052,ANTIOQUIA,LA UNION,6,11053,11338,22391,1605,3445,10382,4963,1812,178
10205,ANTIOQUIA,LIBORINA,2,5189,4901,10090,740,1643,4035,2354,1125,191
10358,ANTIOQUIA,MACEO,2,4103,4145,8248,752,1441,3292,1819,836,106
10511,ANTIOQUIA,MARINILLA,9,33383,34510,67893,5211,10178,32293,14385,5335,482
10664,ANTIOQUIA,MONTEBELLO,2,3371,3270,6641,427,959,2506,1734,928,85
10817,ANTIOQUIA,MURINDO,1,2649,2585,5234,964,1465,2060,559,159,26
10970,ANTIOQUIA,MUTATA,4,7286,7103,14389,1862,3323,6264,2163,692,81
11123,ANTIOQUIA,NARIÑO,2,5083,4864,9947,791,1799,3916,2229,1092,118
11276,ANTIOQUIA,NECOCLI,6,21777,22341,44118,5168,10205,19191,6717,2530,301
11429,ANTIOQUIA,NECHI,9,14098,13256,27354,3340,6250,11649,4347,1592,167
11582,ANTIOQUIA,OLAYA,0,1602,1573,3175,248,512,1213,759,392,51
11735,ANTIOQUIA,PEÑOL,7,10637,11132,21769,1652,3199,9161,5171,2314,265
11888,ANTIOQUIA,PEQUE,2,4374,3911,8285,866,1621,3572,1417,713,94
12041,ANTIOQUIA,PUEBLORRICO,4,4362,4373,8735,636,1423,3477,2097,992,106
12194,ANTIOQUIA,PUERTO BERRIO,6,20385,20328,40713,3090,6491,19024,8576,3228,298
12347,ANTIOQUIA,PUERTO NARE,5,7213,7227,14440,1156,2404,5951,3430,1361,133
12500,ANTIOQUIA,PUERTO TRIUNFO,4,10402,8568,18970,1675,3102,9713,3294,1088,94
12653,ANTIOQUIA,REMEDIOS,9,14811,14818,29629,3140,5909,13697,5140,1556,178
12806,ANTIOQUIA,RETIRO,7,12098,12659,24757,1520,3086,10762,6415,2753,214
12959,ANTIOQUIA,RIONEGRO,62,70107,72888,142995,8445,17637,68522,33494,13657,1178
13112,ANTIOQUIA,SABANALARGA,2,4857,4421,9278,1001,1766,4040,1637,741,91
13265,ANTIOQUIA,SABANETA,33,40948,47033,87981,5024,8755,43684,21666,8166,653
13418,ANTIOQUIA,SALGAR,5,9169,9092,18261,1399,2926,7798,4209,1770,154
13571,ANTIOQUIA,SAN ANDRES DE CUERQUIA,2,3735,3546,7281,734,1400,3116,1406,558,65
13724,ANTIOQUIA,SAN CARLOS,4,8053,7758,15811,1283,2665,6487,3553,1623,196
13877,ANTIOQUIA,SAN FRANCISCO,0,2942,2947,5889,604,1158,2341,1088,635,63
14030,ANTIOQUIA,SAN JERONIMO,4,7885,8132,16017,1138,2418,7136,3702,1447,172
14183,ANTIOQUIA,SAN JOSE DE LA MONTAÑA,0,1841,1924,3765,327,702,1736,735,247,18
14336,ANTIOQUIA,SAN JUAN DE URABA,5,10320,10630,20950,2533,4883,8959,3224,1205,141
14489,ANTIOQUIA,SAN LUIS,4,6454,6669,13123,1343,2513,5655,2414,1068,126
14642,ANTIOQUIA,SAN PEDRO DE LOS MILAGROS,9,11038,11847,22885,1718,3595,10750,4992,1671,150
14795,ANTIOQUIA,SAN PEDRO DE URABA,10,16464,15683,32147,3214,6753,14236,5527,2152,255
14948,ANTIOQUIA,SAN RAFAEL,4,7834,7829,15663,1198,2417,6601,3528,1699,216
15101,ANTIOQUIA,SAN ROQUE,6,10923,10674,21597,1726,3617,9211,4655,2165,217
15254,ANTIOQUIA,SAN VICENTE,6,11671,10798,22469,1663,3402,9841,5129,2216,212
15407,ANTIOQUIA,SANTA BARBARA,13,13487,13699,27186,1511,3673,10842,7089,3673,385
15560,ANTIOQUIA,SANTA ROSA DE OSOS,11,18826,19043,37869,3109,6377,17975,7538,2634,225
15713,ANTIOQUIA,SANTO DOMINGO,9,6382,5942,12324,815,1854,5092,2947,1441,166
15866,ANTIOQUIA,EL SANTUARIO,7,17397,19208,36605,3495,6414,15841,7360,3175,313
16019,ANTIOQUIA,SEGOVIA,8,19657,19722,39379,3785,7348,19201,6942,1935,160
16172,ANTIOQUIA,SONSON,11,18423,18202,36625,2712,5946,16248,7827,3536,345
16325,ANTIOQUIA,SOPETRAN,7,7766,7746,15512,1099,2256,6514,3789,1648,199
16478,ANTIOQUIA,TAMESIS,3,8154,8047,16201,893,2231,6370,4267,2196,241
16631,ANTIOQUIA,TARAZA,12,13847,14148,27995,3063,6311,12557,4481,1438,133
16784,ANTIOQUIA,TARSO,2,3110,3121,6231,411,940,2775,1386,638,79
16937,ANTIOQUIA,TITIRIBI,4,5270,5449,10719,568,1396,4137,2941,1480,193
17090,ANTIOQUIA,TOLEDO,1,2669,2374,5043,494,953,2261,874,405,55
17243,ANTIOQUIA,TURBO,55,62595,67596,130191,15134,28695,60070,19368,6256,613
17396,ANTIOQUIA,URAMITA,1,3548,3351,6899,691,1316,2859,1315,626,91
17549,ANTIOQUIA,URRAO,8,15377,15499,30876,3036,5861,13095,6020,2584,272
17702,ANTIOQUIA,VALDIVIA,5,7043,7059,14102,1449,2921,6344,2428,859,96
17855,ANTIOQUIA,VALPARAISO,2,3282,3190,6472,424,866,2542,1751,799,88
18008,ANTIOQUIA,VEGACHI,2,5962,6077,12039,928,2170,5488,2389,939,123
18161,ANTIOQUIA,VENECIA,4,5710,6005,11715,546,1490,4732,3326,1463,154
18314,ANTIOQUIA,VIGIA DEL FUERTE,4,4660,4763,9423,1423,2385,3835,1230,472,74
18467,ANTIOQUIA,YALI,4,3969,3712,7681,640,1327,3245,1708,665,92
18620,ANTIOQUIA,YARUMAL,7,20760,21918,42678,3250,7523,19807,8438,3327,326
18773,ANTIOQUIA,YOLOMBO,8,11986,11515,23501,1750,4004,9492,5462,2499,286
18926,ANTIOQUIA,YONDO,7,10320,9790,20110,2459,4152,8914,3248,1205,125
19079,ANTIOQUIA,ZARAGOZA,8,12812,12891,25703,3211,5774,11096,4232,1272,110
19232,ATLANTICO,BARRANQUILLA,933,610680,663570,1274250,97774,196561,594969,265291,106379,12343
19385,ATLANTICO,BARANOA,26,33454,33596,67050,5526,11311,30527,13735,5310,615
19538,ATLANTICO,CAMPO DE LA CRUZ,9,11777,11790,23567,2349,4531,10310,4409,1714,245
19691,ATLANTICO,CANDELARIA,6,8741,8454,17195,1756,3326,7661,3153,1162,131
19844,ATLANTICO,GALAPA,44,33611,33410,67021,6375,12536,31988,11946,3755,377
19997,ATLANTICO,JUAN DE ACOSTA,6,11769,10983,22752,1932,3829,10462,4588,1700,235
20150,ATLANTICO,LURUACO,21,15116,15198,30314,2965,5813,13335,5618,2292,270
20303,ATLANTICO,MALAMBO,66,69274,70292,139566,12819,25792,67057,24819,8325,688
20456,ATLANTICO,MANATI,4,10943,10499,21442,2292,4401,9516,3734,1327,168
20609,ATLANTICO,PALMAR DE VARELA,9,15558,15480,31038,2684,5292,14181,6280,2323,269
20762,ATLANTICO,PIOJO,0,3707,3382,7089,627,1177,3190,1457,555,83
20915,ATLANTICO,POLONUEVO,8,9876,9669,19545,1629,3540,8894,3753,1535,186
21068,ATLANTICO,PONEDERA,7,13109,12619,25728,2579,4984,11707,4616,1645,190
21221,ATLANTICO,PUERTO COLOMBIA,17,26103,27546,53649,4164,8491,25084,11434,4062,397
21374,ATLANTICO,REPELON,6,14045,14057,28102,2657,5380,12226,5395,2207,231
21527,ATLANTICO,SABANAGRANDE,24,17464,17620,35084,3134,6185,16578,6634,2291,238
21680,ATLANTICO,SABANALARGA,44,49621,50428,100049,9308,18017,44980,19308,7533,859
21833,ATLANTICO,SANTA LUCIA,5,8525,8579,17104,1669,3409,7759,2992,1104,166
21986,ATLANTICO,SANTO TOMAS,14,15800,16200,32000,2537,5149,14628,6734,2658,280
22139,ATLANTICO,SOLEDAD,207,324197,340824,665021,58244,113864,323279,128545,37715,3167
22292,ATLANTICO,SUAN,4,6148,6424,12572,1244,2366,5699,2356,822,81
22445,ATLANTICO,TUBARA,4,9734,9112,18846,1646,3073,8560,3873,1490,200
22598,ATLANTICO,USIACURI,4,6734,6410,13144,1064,2148,5971,2710,1114,133
22904,BOLIVAR,CARTAGENA,1008,495069,533667,1028736,86941,167778,489940,202476,72069,8524
23057,BOLIVAR,ACHI,21,13161,11739,24900,2617,4952,10698,4357,1945,310
23210,BOLIVAR,ALTOS DEL ROSARIO,4,6022,5563,11585,1350,2625,4939,1827,724,116
23363,BOLIVAR,ARENAL,2,4020,3755,7775,800,1639,3309,1380,553,92
23516,BOLIVAR,ARJONA,26,36439,37291,73730,6806,13389,33807,13891,5265,546
23669,BOLIVAR,ARROYOHONDO,4,4389,4321,8710,841,1609,3775,1657,674,150
23822,BOLIVAR,BARRANCO DE LOBA,5,7773,7408,15181,1739,3383,6463,2486,965,140
23975,BOLIVAR,CALAMAR,9,11650,11447,23097,2212,4409,10072,4315,1769,311
24128,BOLIVAR,CANTAGALLO,4,4606,4090,8696,851,1721,3942,1620,475,83
24281,BOLIVAR,CICUCO,4,7228,7074,14302,1551,3036,6160,2422,1001,128
24434,BOLIVAR,CORDOBA,17,8750,7724,16474,1573,2991,7125,3149,1405,214
24587,BOLIVAR,CLEMENCIA,4,7815,7638,15453,1644,3047,6992,2699,946,121
24740,BOLIVAR,EL CARMEN DE BOLIVAR,39,37452,35143,72595,7039,13536,32139,13336,5699,807
24893,BOLIVAR,EL GUAMO,4,4743,4241,8984,719,1474,3748,1883,1007,149
25046,BOLIVAR,EL PEÑON,2,4235,3840,8075,862,1740,3267,1410,679,115
25199,BOLIVAR,HATILLO DE LOBA,10,6652,6360,13012,1386,2857,5422,2137,1019,181
25352,BOLIVAR,MAGANGUE,54,70161,69995,140156,13075,26581,62188,25937,10926,1395
25505,BOLIVAR,MAHATES,14,15023,14332,29355,2619,5315,13004,5659,2350,394
25658,BOLIVAR,MARGARITA,3,5802,5308,11110,999,2069,4245,2222,1264,308
25811,BOLIVAR,MARIA LA BAJA,77,24434,24023,48457,5006,9901,21229,8392,3284,568
25964,BOLIVAR,MONTECRISTO,4,9682,7922,17604,2235,3704,8091,2652,826,92
26117,BOLIVAR,MOMPOS,22,23008,23400,46408,4490,9117,19816,8576,3851,536
26270,BOLIVAR,MORALES,9,12393,10955,23348,2620,4742,10405,4058,1342,172
26423,BOLIVAR,NOROSI,2,5294,4659,9953,1339,2123,4637,1453,347,52
26576,BOLIVAR,PINILLOS,10,12960,11746,24706,2614,5225,10944,3908,1682,323
26729,BOLIVAR,REGIDOR,2,3617,3610,7227,896,1550,3262,1077,384,56
26882,BOLIVAR,RIO VIEJO,4,5678,5058,10736,1089,2018,4646,2048,811,120
27035,BOLIVAR,SAN CRISTOBAL,2,4296,4273,8569,763,1552,3727,1678,730,117
27188,BOLIVAR,SAN ESTANISLAO,9,9572,9556,19128,1667,3434,8155,4059,1613,191
27341,BOLIVAR,SAN FERNANDO,2,6717,6308,13025,1278,2684,5199,2402,1233,227
27494,BOLIVAR,SAN JACINTO,11,12541,12011,24552,2091,4356,10407,4958,2385,344
27647,BOLIVAR,SAN JACINTO DEL CAUCA,2,5641,5002,10643,1028,2210,4519,1960,789,135
27800,BOLIVAR,SAN JUAN NEPOMUCENO,14,19676,18853,38529,3099,6434,16476,8245,3687,574
27953,BOLIVAR,SAN MARTIN DE LOBA,9,7809,7088,14897,1631,3203,6154,2689,1012,199
28106,BOLIVAR,SAN PABLO,6,14547,14194,28741,3138,6247,13368,4444,1396,142
28259,BOLIVAR,SANTA CATALINA,4,7439,7509,14948,1407,2794,6639,2877,1064,163
28412,BOLIVAR,SANTA ROSA,11,11118,11291,22409,2108,4214,10463,4130,1356,127
28565,BOLIVAR,SANTA ROSA DEL SUR,9,17749,16819,34568,3688,7179,17059,5064,1410,159
28718,BOLIVAR,SIMITI,4,10065,9078,19143,1927,3784,8683,3440,1178,127
28871,BOLIVAR,SOPLAVIENTO,2,5326,5513,10839,893,1777,4621,2391,1007,148
29024,BOLIVAR,TALAIGUA NUEVO,5,6628,6553,13181,1434,2730,5711,2200,930,171
29177,BOLIVAR,TIQUISIO,6,10001,9033,19034,2496,4506,8161,2718,1008,139
29330,BOLIVAR,TURBACO,37,55972,57468,113440,9513,19291,53186,23027,7618,768
29483,BOLIVAR,TURBANA,6,8893,8519,17412,1553,2984,7912,3495,1262,200
29636,BOLIVAR,VILLANUEVA,4,12897,12334,25231,2462,4957,11509,4459,1649,191
29789,BOLIVAR,ZAMBRANO,4,6582,5740,12322,1165,2295,5314,2400,1031,113
29942,BOYACA,TUNJA,80,84665,94598,179263,11996,26261,88598,38208,12769,1351
30095,BOYACA,ALMEIDA,0,943,864,1807,95,204,577,492,358,81
30248,BOYACA,AQUITANIA,5,7925,7621,15546,1402,2768,6580,3194,1435,162
30401,BOYACA,ARCABUCO,2,2989,2989,5978,503,1006,2605,1240,535,87
30554,BOYACA,BELEN,3,3596,3936,7532,538,1194,3106,1621,915,155
30707,BOYACA,BERBEO,0,804,778,1582,101,227,532,392,256,74
30860,BOYACA,BETEITIVA,0,949,986,1935,132,249,735,444,314,61
31013,BOYACA,BOAVITA,0,2382,2415,4797,301,741,1684,1127,795,149
31166,BOYACA,BOYACA,2,2650,2468,5118,382,848,1982,1096,677,131
31319,BOYACA,BRICEÑO,0,1168,995,2163,144,345,775,553,296,50
31472,BOYACA,BUENAVISTA,2,2294,2102,4396,278,695,1559,1148,613,101
31625,BOYACA,BUSBANZA,0,576,577,1153,126,155,462,217,160,33
31778,BOYACA,CALDAS,0,1547,1579,3126,209,485,1129,779,449,75
31931,BOYACA,CAMPOHERMOSO,0,1567,1494,3061,274,539,1100,681,412,55
32084,BOYACA,CERINZA,0,1793,1913,3706,211,490,1480,887,552,86
32237,BOYACA,CHINAVITA,0,1572,1622,3194,194,421,1040,842,556,141
32390,BOYACA,CHIQUINQUIRA,27,27671,30264,57935,4107,9606,26556,12465,4656,518
32543,BOYACA,CHISCAS,0,1964,1923,3887,263,595,1438,881,603,107
32696,BOYACA,CHITA,2,3992,3801,7793,731,1613,2880,1346,1030,191
32849,BOYACA,CHITARAQUE,2,3041,2824,5865,519,1016,2218,1377,649,84
33002,BOYACA,CHIVATA,0,1419,1415,2834,319,535,1113,523,283,61
33155,BOYACA,CIENEGA,2,2305,2350,4655,422,811,1724,1040,563,93
33308,BOYACA,COMBITA,5,8273,5007,13280,793,1585,6769,2807,1142,179
33461,BOYACA,COPER,0,1865,1706,3571,274,562,1263,872,528,72
33614,BOYACA,CORRALES,0,1305,1240,2545,199,350,1137,550,266,43
33767,BOYACA,COVARACHIA,0,1406,1296,2702,214,444,947,615,423,59
33920,BOYACA,CUBARA,2,5385,5365,10750,1736,2722,4434,1335,451,70
34073,BOYACA,CUCAITA,0,1921,1866,3787,349,635,1673,740,356,34
34226,BOYACA,CUITIVA,0,879,931,1810,168,327,651,395,231,38
34379,BOYACA,CHIQUIZA,2,2433,2311,4744,417,837,1896,1014,505,73
34532,BOYACA,CHIVOR,0,1371,1155,2526,172,392,939,609,355,59
34685,BOYACA,DUITAMA,39,60331,66339,126670,8160,18397,57959,29687,11010,1418
34838,BOYACA,EL COCUY,0,2106,2009,4115,351,741,1599,915,463,46
34991,BOYACA,EL ESPINO,0,1563,1491,3054,202,416,1229,685,438,84
35144,BOYACA,FIRAVITOBA,2,3317,3485,6802,492,971,2602,1605,899,231
35297,BOYACA,FLORESTA,0,1526,1705,3231,201,442,1190,747,565,86
35450,BOYACA,GACHANTIVA,0,1459,1319,2778,230,457,1048,590,388,65
35603,BOYACA,GAMEZA,2,2481,2370,4851,485,863,1911,987,507,96
35756,BOYACA,GARAGOA,16,8723,9599,18322,1260,2582,6814,4507,2659,484
35909,BOYACA,GUACAMAYAS,0,901,933,1834,150,294,646,388,294,62
36062,BOYACA,GUATEQUE,3,5176,5728,10904,620,1448,4085,2884,1590,274
36215,BOYACA,GUAYATA,0,1694,1697,3391,158,423,959,934,757,160
36368,BOYACA,GÜICAN DE LA SIERRA,0,2173,2128,4301,475,842,1721,757,466,40
36521,BOYACA,IZA,0,992,1003,1995,175,305,825,448,202,40
36674,BOYACA,JENESANO,2,3608,3730,7338,593,1227,2683,1692,993,148
36827,BOYACA,JERICO,0,2015,1874,3889,355,657,1568,752,496,61
36980,BOYACA,LABRANZAGRANDE,0,1888,1605,3493,276,441,1367,860,480,69
37133,BOYACA,LA CAPILLA,0,1368,1323,2691,171,378,820,700,504,118
37286,BOYACA,LA VICTORIA,0,575,542,1117,68,147,452,281,149,20
37439,BOYACA,LA UVITA,3,1391,1339,2730,192,368,987,617,463,100
37592,BOYACA,VILLA DE LEYVA,6,8305,8668,16973,1290,2511,7706,3573,1648,239
37745,BOYACA,MACANAL,0,2571,2501,5072,336,714,1734,1264,845,179
37898,BOYACA,MARIPI,2,3144,2539,5683,394,952,2173,1386,676,100
38051,BOYACA,MIRAFLORES,5,4522,4493,9015,576,1304,3543,2207,1153,227
38204,BOYACA,MONGUA,0,2231,2388,4619,401,806,1829,990,524,69
38357,BOYACA,MONGUI,0,2021,2271,4292,356,748,1640,992,486,70
38510,BOYACA,MONIQUIRA,9,11416,11620,23036,1584,3443,9022,5560,3014,404
38663,BOYACA,MOTAVITA,2,2805,2898,5703,582,1085,2467,1045,468,54
38816,BOYACA,MUZO,3,4532,3862,8394,600,1358,3669,1909,775,80
38969,BOYACA,NOBSA,5,7902,8544,16446,1245,2527,7292,3687,1447,243
39122,BOYACA,NUEVO COLON,2,2685,2532,5217,388,839,2016,1216,659,97
39275,BOYACA,OICATA,0,1468,1422,2890,225,475,1154,644,325,67
39428,BOYACA,OTANCHE,5,4105,3899,8004,645,1433,3321,1797,708,95
39581,BOYACA,PACHAVITA,0,1260,1181,2441,127,318,748,592,529,127
39734,BOYACA,PAEZ,0,1722,1522,3244,280,511,1303,728,372,50
39887,BOYACA,PAIPA,17,16724,17955,34679,2423,5342,14995,7927,3477,498
40040,BOYACA,PAJARITO,0,1253,1161,2414,215,393,1026,511,236,33
40193,BOYACA,PANQUEBA,0,829,868,1697,141,268,641,356,251,40
40346,BOYACA,PAUNA,2,3751,3461,7212,396,1133,2745,1771,977,188
40499,BOYACA,PAYA,0,1399,1236,2635,270,539,1202,416,187,21
40652,BOYACA,PAZ DE RIO,0,2060,2138,4198,296,619,1653,987,564,79
40805,BOYACA,PESCA,2,3420,3310,6730,579,1201,2534,1440,837,137
40958,BOYACA,PISBA,0,950,843,1793,187,346,789,304,145,22
41111,BOYACA,PUERTO BOYACA,12,23924,24347,48271,4221,8329,21734,10260,3299,416
41264,BOYACA,QUIPAMA,0,2694,2288,4982,287,770,1891,1334,639,61
41417,BOYACA,RAMIRIQUI,5,4991,5085,10076,761,1730,4259,2078,1073,170
41570,BOYACA,RAQUIRA,2,4240,3788,8028,631,1286,3511,1695,738,165
41723,BOYACA,RONDON,0,1200,1173,2373,166,395,790,575,370,77
41876,BOYACA,SABOYA,5,6772,7077,13849,1149,2419,5376,3083,1573,244
42029,BOYACA,SACHICA,0,2903,2774,5677,553,995,2671,1007,400,51
42182,BOYACA,SAMACA,8,9446,9372,18818,1872,3477,8703,3364,1202,192
42335,BOYACA,SAN EDUARDO,0,860,800,1660,107,217,633,385,264,54
42488,BOYACA,SAN JOSE DE PARE,2,2610,2389,4999,372,724,1717,1344,731,109
42641,BOYACA,SAN LUIS DE GACENO,0,2796,2677,5473,391,868,2153,1262,710,89
42794,BOYACA,SAN MATEO,0,1550,1581,3131,246,474,1047,683,575,106
42947,BOYACA,SAN MIGUEL DE SEMA,0,1514,1497,3011,251,537,1094,642,395,92
43100,BOYACA,SAN PABLO DE BORBUR,2,3646,3070,6716,525,1195,2612,1612,685,85
43253,BOYACA,SANTANA,2,3985,3725,7710,596,1224,3121,1851,790,126
43406,BOYACA,SANTA MARIA,0,1815,1683,3498,242,537,1333,892,419,75
43559,BOYACA,SANTA ROSA DE VITERBO,5,6960,6365,13325,766,1787,6044,3052,1474,197
43712,BOYACA,SANTA SOFIA,0,1632,1580,3212,284,506,1145,688,471,118
43865,BOYACA,SATIVANORTE,0,1091,1062,2153,129,299,716,547,380,82
44018,BOYACA,SATIVASUR,0,511,594,1105,86,159,436,232,153,39
44171,BOYACA,SIACHOQUE,2,3493,3281,6774,735,1342,2630,1310,632,123
44324,BOYACA,SOATA,5,4197,4635,8832,543,1238,3377,2184,1242,243
44477,BOYACA,SOCOTA,2,3809,3402,7211,725,1316,2845,1344,852,127
44630,BOYACA,SOCHA,5,4021,4065,8086,705,1373,3437,1598,830,138
44783,BOYACA,SOGAMOSO,38,62453,68652,131105,8699,18747,59403,30453,12310,1455
44936,BOYACA,SOMONDOCO,0,1409,1471,2880,127,319,843,827,637,127
45089,BOYACA,SORA,0,1589,1488,3077,285,549,1295,596,322,30
45242,BOYACA,SOTAQUIRA,2,4253,4052,8305,775,1466,3267,1741,921,133
45395,BOYACA,SORACA,2,3017,3051,6068,554,1188,2526,1150,557,91
45548,BOYACA,SUSACON,0,1399,1305,2704,169,397,947,651,435,105
45701,BOYACA,SUTAMARCHAN,2,3127,3101,6228,461,995,2589,1352,699,130
45854,BOYACA,SUTATENZA,0,2060,2162,4222,241,568,1417,1032,779,185
46007,BOYACA,TASCO,2,2916,2876,5792,462,993,2279,1252,674,130
46160,BOYACA,TENZA,0,1881,1940,3821,195,484,1210,1078,706,148
46313,BOYACA,TIBANA,2,4493,4626,9119,708,1443,3118,2182,1409,257
46466,BOYACA,TIBASOSA,8,6609,6787,13396,994,1990,5753,3031,1328,292
46619,BOYACA,TINJACA,0,1668,1683,3351,277,504,1261,747,458,104
46772,BOYACA,TIPACOQUE,0,1677,1613,3290,240,519,1283,741,440,67
46925,BOYACA,TOCA,5,4505,4388,8893,874,1632,3651,1755,828,148
47078,BOYACA,TOGÜI,2,2238,2097,4335,388,811,1549,1013,481,91
47231,BOYACA,TOPAGA,0,1780,1917,3697,337,630,1557,745,353,75
47384,BOYACA,TOTA,2,2626,2607,5233,537,981,2063,1037,528,85
47537,BOYACA,TUNUNGUA,0,858,718,1576,161,258,615,314,191,37
47690,BOYACA,TURMEQUE,2,3048,3108,6156,425,972,2138,1490,973,156
47843,BOYACA,TUTA,2,4120,4341,8461,739,1447,3393,1731,962,187
47996,BOYACA,TUTAZA,0,984,1055,2039,192,329,802,453,224,39
48149,BOYACA,UMBITA,2,3889,3663,7552,588,1277,2740,1756,1017,172
48302,BOYACA,VENTAQUEMADA,59,7991,8102,16093,1455,2877,6805,3112,1530,255
48455,BOYACA,VIRACACHA,0,1450,1359,2809,175,460,1011,685,422,56
48608,BOYACA,ZETAQUIRA,2,2342,2283,4625,329,748,1696,1066,653,131
48761,CALDAS,MANIZALES,201,210254,235906,446160,23587,50227,198767,113931,53426,6021
48914,CALDAS,AGUADAS,13,11486,11562,23048,1679,3293,9207,5822,2729,305
49067,CALDAS,ANSERMA,17,18339,18352,36691,2398,5062,14880,9357,4456,521
49220,CALDAS,ARANZAZU,6,4971,5585,10556,784,1589,3920,2674,1418,165
49373,CALDAS,BELALCAZAR,6,5402,5248,10650,982,1743,4168,2430,1184,137
49526,CALDAS,CHINCHINA,16,25061,27206,52267,3125,6852,22567,13062,5980,665
49679,CALDAS,FILADELFIA,6,5724,5676,11400,751,1651,4109,3159,1559,165
49832,CALDAS,LA DORADA,23,35874,38132,74006,5563,11237,32299,16900,7289,695
49985,CALDAS,LA MERCED,2,2989,2893,5882,363,784,2178,1659,818,78
50138,CALDAS,MANZANARES,38,8965,8829,17794,1346,2654,6952,4431,2133,240
50291,CALDAS,MARMATO,2,4666,4501,9167,915,1572,4070,1865,665,78
50444,CALDAS,MARQUETALIA,6,6792,6698,13490,1094,2170,5132,3309,1602,177
50597,CALDAS,MARULANDA,0,1342,1202,2544,230,376,983,659,269,27
50750,CALDAS,NEIRA,11,10575,10539,21114,1517,3071,8423,5188,2642,262
50903,CALDAS,NORCASIA,3,3049,3079,6128,524,1076,2651,1263,551,60
51056,CALDAS,PACORA,6,7724,7600,15324,930,1931,5795,4325,2060,277
51209,CALDAS,PALESTINA,6,7923,7758,15681,1205,2283,6559,3814,1620,194
51362,CALDAS,PENSILVANIA,11,9968,9787,19755,1515,3063,7558,4799,2446,363
51515,CALDAS,RIOSUCIO,24,25679,26277,51956,4062,7631,21333,11726,6364,816
51668,CALDAS,RISARALDA,7,5527,5041,10568,739,1486,4374,2652,1172,138
51821,CALDAS,SALAMINA,11,9740,9653,19393,1165,2572,7415,5266,2621,343
51974,CALDAS,SAMANA,8,10166,9801,19967,1706,3309,7793,4715,2193,243
52127,CALDAS,SAN JOSE,2,2526,2390,4916,409,719,1848,1271,586,81
52280,CALDAS,SUPIA,13,14366,14997,29363,2322,4330,12688,6696,2949,365
52433,CALDAS,VICTORIA,6,5116,5235,10351,808,1656,4026,2521,1187,147
52586,CALDAS,VILLAMARIA,29,32463,34966,67429,4376,8881,30938,15981,6558,666
52739,CALDAS,VITERBO,8,6096,6757,12853,720,1714,5356,3203,1663,189
52892,CAQUETA,FLORENCIA,41,85624,87387,173011,14712,29997,85269,30887,10944,1161
53045,CAQUETA,ALBANIA,0,2231,2165,4396,377,895,1924,846,315,39
53198,CAQUETA,BELEN DE LOS ANDAQUIES,2,5552,5629,11181,1000,2449,4954,1955,732,89
53351,CAQUETA,CARTAGENA DEL CHAIRA,6,15885,15266,31151,3792,7215,13832,4838,1359,109
53504,CAQUETA,CURILLO,2,3875,3897,7772,870,1739,3332,1298,476,55
53657,CAQUETA,EL DONCELLO,4,9491,9793,19284,1783,3804,8224,3751,1536,182
53810,CAQUETA,EL PAUJIL,3,9420,9044,18464,1958,3838,7987,3322,1194,162
53963,CAQUETA,LA MONTAÑITA,0,7682,7010,14692,1541,3362,6399,2507,807,76
54116,CAQUETA,MILAN,0,5149,4803,9952,1244,2533,4160,1491,482,42
54269,CAQUETA,MORELIA,0,1883,1864,3747,379,713,1655,714,260,26
54422,CAQUETA,PUERTO RICO,4,13302,12980,26282,2598,5678,11514,4546,1721,221
54575,CAQUETA,SAN JOSE DEL FRAGUA,2,6639,6460,13099,1318,3011,5869,2123,692,84
54728,CAQUETA,SAN VICENTE DEL CAGUAN,8,27385,25208,52593,6124,11389,24271,8202,2374,225
54881,CAQUETA,SOLANO,0,6280,5223,11503,1468,2755,5236,1553,448,43
55034,CAQUETA,SOLITA,2,3214,3132,6346,629,1400,2744,1127,391,53
55187,CAQUETA,VALPARAISO,0,3676,3372,7048,561,1578,3042,1355,449,63
55340,CAUCA,POPAYAN,195,156375,169102,325477,20333,42499,156469,72431,29618,3932
55493,CAUCA,ALMAGUER,6,9047,9130,18177,1151,2772,8585,3528,1884,251
55646,CAUCA,ARGELIA,6,13916,12672,26588,2106,4462,13980,4374,1460,200
55799,CAUCA,BALBOA,8,10751,10686,21437,1486,3447,10146,4194,1831,325
55952,CAUCA,BOLIVAR,15,18744,18250,36994,2242,5163,17073,7839,4033,629
56105,CAUCA,BUENOS AIRES,6,15944,16105,32049,2869,5845,15466,5296,2194,373
56258,CAUCA,CAJIBIO,25,21893,20940,42833,3350,7408,19565,8025,3902,558
56411,CAUCA,CALDONO,6,21255,20515,41770,4588,8656,19262,6187,2747,324
56564,CAUCA,CALOTO,22,15021,15195,30216,2440,5170,14879,5184,2153,368
56717,CAUCA,CORINTO,7,12775,12665,25440,1789,4161,12695,4628,1909,251
56870,CAUCA,EL TAMBO,7,27538,26231,53769,3772,8264,24325,10903,5497,1001
57023,CAUCA,FLORENCIA,2,2710,2593,5303,345,793,2452,1062,533,116
57176,CAUCA,GUACHENE,13,9302,10718,20020,1430,3238,10182,3590,1335,232
57329,CAUCA,GUAPI,15,13743,13953,27696,3032,6243,12219,4146,1774,267
57482,CAUCA,INZA,6,14868,14573,29441,3098,5981,13422,4490,2128,316
57635,CAUCA,JAMBALO,6,9316,9252,18568,2003,3752,9241,2463,976,127
57788,CAUCA,LA SIERRA,3,5441,5214,10655,728,1515,4750,2255,1212,192
57941,CAUCA,LA VEGA,6,12519,12123,24642,1720,3691,11485,4679,2626,435
58094,CAUCA,LOPEZ DE MICAY,6,9586,9346,18932,2419,4563,8422,2593,787,142
58247,CAUCA,MERCADERES,11,11630,11467,23097,1392,3384,9994,5093,2683,540
58400,CAUCA,MIRANDA,19,15687,16395,32082,2263,4941,15545,6462,2496,356
58553,CAUCA,MORALES,10,20246,19838,40084,4028,7529,19003,6371,2770,373
58706,CAUCA,PADILLA,4,4715,5277,9992,668,1535,4836,1940,833,176
58859,CAUCA,PAEZ,6,23840,22902,46742,5940,10671,21105,5935,2662,423
59012,CAUCA,PATIA,25,18206,19288,37494,2512,5945,17267,7892,3421,432
59165,CAUCA,PIAMONTE,2,4770,4489,9259,941,1960,4333,1520,438,65
59318,CAUCA,PIENDAMO - TUNIA,12,20693,21144,41837,3130,6592,19441,8290,3829,543
59471,CAUCA,PUERTO TEJADA,32,19379,22414,41793,3149,6578,19988,8589,3035,422
59624,CAUCA,PURACE,6,8754,8815,17569,1586,3026,8615,3008,1180,148
59777,CAUCA,ROSAS,4,5902,5637,11539,685,1488,4950,2661,1426,325
59930,CAUCA,SAN SEBASTIAN,2,5515,5547,11062,614,1537,5302,2270,1146,191
60083,CAUCA,SANTANDER DE QUILICHAO,39,55075,57926,113001,8788,17730,54700,21937,8597,1210
60236,CAUCA,SANTA ROSA,2,2817,2566,5383,444,948,2413,1044,462,70
60389,CAUCA,SILVIA,8,18899,19164,38063,3691,6945,18359,6189,2636,235
60542,CAUCA,SOTARA PAISPAMBA,6,7062,7148,14210,970,2053,6710,2896,1363,212
60695,CAUCA,SUAREZ,12,16445,16081,32526,2908,5919,15442,5650,2289,306
60848,CAUCA,SUCRE,4,4910,4759,9669,536,1444,4580,2023,951,131
61001,CAUCA,TIMBIO,22,17966,18321,36287,2390,5203,16207,8016,3805,644
61154,CAUCA,TIMBIQUI,12,13439,13168,26607,3455,6416,11872,3366,1264,222
61307,CAUCA,TORIBIO,6,18506,18188,36694,3348,7051,19027,5004,2012,246
61460,CAUCA,TOTORO,6,12816,12796,25612,2586,5010,12419,3893,1513,185
61613,CAUCA,VILLA RICA,24,9886,11442,21328,1682,3359,10590,4113,1360,200
61766,CESAR,VALLEDUPAR,165,259436,273520,532956,50660,98270,259051,91965,29856,2989
61919,CESAR,AGUACHICA,15,57695,60957,118652,10876,21785,56450,21284,7526,716
62072,CESAR,AGUSTIN CODAZZI,27,32459,32217,64676,6611,12859,29238,11132,4334,475
62225,CESAR,ASTREA,3,10775,10287,21062,2333,4545,9172,3460,1385,164
62378,CESAR,BECERRIL,5,11832,11476,23308,2844,5255,10724,3310,1069,101
62531,CESAR,BOSCONIA,10,21775,21551,43326,4418,9164,20653,6683,2190,208
62684,CESAR,CHIMICHAGUA,7,18119,18110,36229,3940,8082,14781,6358,2726,335
62837,CESAR,CHIRIGUANA,9,14706,14926,29632,3221,6087,13289,5024,1793,209
62990,CESAR,CURUMANI,7,19702,19965,39667,3923,8166,18167,6549,2589,266
63143,CESAR,EL COPEY,8,15850,15800,31650,3284,6542,14317,5291,1997,211
63296,CESAR,EL PASO,7,20308,20550,40858,4999,9129,19124,5790,1665,144
63449,CESAR,GAMARRA,3,7942,7922,15864,1356,2822,6951,3288,1289,155
63602,CESAR,GONZALEZ,0,2389,2179,4568,349,804,2024,964,389,38
63755,CESAR,LA GLORIA,3,9504,8944,18448,1806,3538,8224,3507,1231,139
63908,CESAR,LA JAGUA DE IBIRICO,18,25348,25598,50946,5676,10844,25264,7037,1912,195
64061,CESAR,MANAURE BALCON DEL CESAR,2,5487,5348,10835,967,2084,4980,1999,734,69
64214,CESAR,PAILITAS,5,9666,10039,19705,1795,3881,8988,3535,1347,154
64367,CESAR,PELAYA,6,11197,11094,22291,2229,4585,10138,3842,1349,142
64520,CESAR,PUEBLO BELLO,6,14891,14546,29437,4495,7702,12696,3359,1079,100
64673,CESAR,RIO DE ORO,3,9010,8783,17793,1436,2978,8121,3631,1463,161
64826,CESAR,LA PAZ,5,14825,14778,29603,3067,6038,13594,4930,1773,196
64979,CESAR,SAN ALBERTO,6,14167,14286,28453,2812,5363,13715,4919,1498,140
65132,CESAR,SAN DIEGO,9,10276,10194,20470,2120,4012,9109,3695,1353,172
65285,CESAR,SAN MARTIN,8,14623,14146,28769,2740,5573,14066,4827,1416,139
65438,CESAR,TAMALAMEQUE,3,8003,8186,16189,1712,3495,6686,2961,1183,149
65591,CORDOBA,MONTERIA,362,245439,259895,505334,41903,82320,238326,101502,36521,4400
65744,CORDOBA,AYAPEL,22,24003,23244,47247,4877,9714,19792,8906,3523,413
65897,CORDOBA,BUENAVISTA,7,10911,10540,21451,2013,4201,9155,4113,1740,222
66050,CORDOBA,CANALETE,7,7860,7577,15437,1451,3055,6553,3050,1162,159
66203,CORDOBA,CERETE,63,52993,55416,108409,8502,16826,48382,23650,9777,1209
66356,CORDOBA,CHIMA,11,9187,8718,17905,1330,2861,7485,4127,1834,257
66509,CORDOBA,CHINU,40,24753,23941,48694,3784,7488,20806,11210,4652,714
66662,CORDOBA,CIENAGA DE ORO,51,30534,29987,60521,4916,10089,26101,13014,5594,756
66815,CORDOBA,COTORRA,7,9786,9763,19549,1522,3080,8573,4289,1828,250
66968,CORDOBA,LA APARTADA,5,7642,7576,15218,1449,2875,6726,2936,1109,118
67121,CORDOBA,LORICA,80,56655,58806,115461,9745,19348,49993,24731,10092,1472
67274,CORDOBA,LOS CORDOBAS,7,9846,9468,19314,1823,3758,8166,3860,1489,211
67427,CORDOBA,MOMIL,8,10030,10087,20117,1580,3390,8640,4381,1855,263
67580,CORDOBA,MONTELIBANO,19,42060,43825,85885,8418,17076,39262,15474,5015,621
67733,CORDOBA,MOÑITOS,13,15518,15062,30580,2911,6118,13262,5830,2175,271
67886,CORDOBA,PLANETA RICA,21,31847,32929,64776,5537,11553,27713,13600,5559,793
68039,CORDOBA,PUEBLO NUEVO,8,18496,17990,36486,3280,6684,15841,7163,3098,412
68192,CORDOBA,PUERTO ESCONDIDO,7,12577,11787,24364,2224,4739,10186,4946,2005,257
68345,CORDOBA,PUERTO LIBERTADOR,11,22471,21102,43573,5012,9385,19235,7176,2473,281
68498,CORDOBA,PURISIMA DE LA CONCEPCION,4,8897,8690,17587,1586,3042,7600,3464,1655,236
68651,CORDOBA,SAHAGUN,67,54684,55549,110233,8766,17977,47613,23940,10305,1565
68804,CORDOBA,SAN ANDRES SOTAVENTO,24,24948,23094,48042,5284,9514,22033,7530,3245,412
68957,CORDOBA,SAN ANTERO,12,17353,17682,35035,3508,6465,15753,6635,2376,286
69110,CORDOBA,SAN BERNARDO DEL VIENTO,15,18600,18475,37075,3386,6890,15530,7533,3315,406
69263,CORDOBA,SAN CARLOS,11,13967,13401,27368,2406,4846,11433,5782,2521,369
69416,CORDOBA,SAN JOSE DE URE,4,7218,6596,13814,1672,3146,6060,2085,767,80
69569,CORDOBA,SAN PELAYO,26,26767,26227,52994,3885,8112,22030,12280,5814,847
69722,CORDOBA,TIERRALTA,31,48046,47131,95177,11575,20596,41364,15314,5602,695
69875,CORDOBA,TUCHIN,11,28379,26579,54958,7177,12229,24988,7153,2965,435
70028,CORDOBA,VALENCIA,18,18168,18175,36343,3223,7039,15389,7415,2884,375
70181,CUNDINAMARCA,AGUA DE DIOS,2,5953,6372,12325,638,1511,4420,3280,2116,358
70334,CUNDINAMARCA,ALBAN,2,3549,3330,6879,509,987,2852,1623,800,106
70487,CUNDINAMARCA,ANAPOIMA,4,7964,8100,16064,1158,2233,6494,3707,2099,369
70640,CUNDINAMARCA,ANOLAIMA,5,7521,7056,14577,966,2079,5138,3675,2390,324
70793,CUNDINAMARCA,ARBELAEZ,6,5569,5390,10959,684,1511,4071,2772,1619,296
70946,CUNDINAMARCA,BELTRAN,0,984,901,1885,151,287,738,416,257,36
71099,CUNDINAMARCA,BITUIMA,0,1390,1178,2568,181,337,767,715,507,61
71252,CUNDINAMARCA,BOJACA,2,5558,5534,11092,834,1803,5419,2246,704,84
71405,CUNDINAMARCA,CABRERA,2,2853,2209,5062,475,942,2225,1017,354,47
71558,CUNDINAMARCA,CACHIPAY,4,5447,5256,10703,767,1528,3980,2637,1581,206
71711,CUNDINAMARCA,CAJICA,23,44606,48361,92967,7103,13730,45404,19809,6254,644
71864,CUNDINAMARCA,CAPARRAPI,7,6869,6121,12990,789,1864,4674,3587,1845,224
72017,CUNDINAMARCA,CAQUEZA,6,9120,8836,17956,1462,2797,7459,4110,1865,257
72170,CUNDINAMARCA,CARMEN DE CARUPA,2,4131,3809,7940,631,1315,3288,1712,903,89
72323,CUNDINAMARCA,CHAGUANI,0,2412,1952,4364,273,596,1417,1213,768,97
72476,CUNDINAMARCA,CHIA,130,72144,77426,149570,9062,20168,71546,35167,11942,1555
72629,CUNDINAMARCA,CHIPAQUE,2,5098,4960,10058,841,1610,4161,2244,1033,167
72782,CUNDINAMARCA,CHOACHI,4,5736,5792,11528,756,1690,4710,2681,1467,220
72935,CUNDINAMARCA,CHOCONTA,8,11167,11111,22278,1966,3940,10214,4361,1635,154
73088,CUNDINAMARCA,COGUA,7,12048,12386,24434,2012,3829,10996,5281,2001,308
73241,CUNDINAMARCA,COTA,11,18162,18830,36992,2580,5707,17979,8037,2407,271
73394,CUNDINAMARCA,CUCUNUBA,2,4174,4083,8257,950,1502,3631,1456,647,69
73547,CUNDINAMARCA,EL COLEGIO,14,12884,13292,26176,1630,3613,9383,6484,4475,577
73700,CUNDINAMARCA,EL PEÑON,2,2493,2296,4789,331,747,1461,1289,846,113
73853,CUNDINAMARCA,EL ROSAL,7,12476,12292,24768,2191,4223,13280,3914,1045,108
74006,CUNDINAMARCA,FACATATIVA,26,76240,79738,155978,11475,23611,80341,30610,9074,841
74159,CUNDINAMARCA,FOMEQUE,5,6578,6225,12803,1054,1998,5268,2822,1472,184
74312,CUNDINAMARCA,FOSCA,2,3084,2954,6038,531,1067,2478,1193,664,103
74465,CUNDINAMARCA,FUNZA,19,51156,53930,105086,7585,15365,53671,21416,6441,589
74618,CUNDINAMARCA,FUQUENE,2,2566,2645,5211,448,803,2163,1128,573,94
74771,CUNDINAMARCA,FUSAGASUGA,131,74101,80042,154143,9350,20590,64717,35190,21095,3070
74924,CUNDINAMARCA,GACHALA,0,2313,2092,4405,285,628,1663,1062,661,106
75077,CUNDINAMARCA,GACHANCIPA,8,9672,9704,19376,1783,3205,10232,3200,836,112
75230,CUNDINAMARCA,GACHETA,4,4236,4303,8539,537,1189,3101,2117,1354,237
75383,CUNDINAMARCA,GAMA,0,1638,1576,3214,222,502,1114,769,496,111
75536,CUNDINAMARCA,GIRARDOT,31,53405,56387,109792,7245,14465,47753,26985,12090,1223
75689,CUNDINAMARCA,GRANADA,2,3950,3981,7931,698,1376,3547,1640,588,80
75842,CUNDINAMARCA,GUACHETA,6,7239,7002,14241,1530,2628,6351,2599,989,138
75995,CUNDINAMARCA,GUADUAS,11,18304,14908,33212,2028,4209,14582,8159,3767,456
76148,CUNDINAMARCA,GUASCA,4,8466,8468,16934,1312,2615,8028,3492,1300,183
76301,CUNDINAMARCA,GUATAQUI,0,1437,1335,2772,169,364,1023,677,476,63
76454,CUNDINAMARCA,GUATAVITA,2,3426,3385,6811,546,1036,2896,1643,601,87
76607,CUNDINAMARCA,GUAYABAL DE SIQUIMA,0,2402,2341,4743,327,682,1658,1225,753,98
76760,CUNDINAMARCA,GUAYABETAL,2,3490,3254,6744,773,1179,3127,1162,448,53
76913,CUNDINAMARCA,GUTIERREZ,0,1904,1663,3567,328,596,1642,668,302,31
77066,CUNDINAMARCA,JERUSALEN,0,1249,1066,2315,179,317,784,580,403,52
77219,CUNDINAMARCA,JUNIN,2,2960,3114,6074,335,827,2143,1585,999,183
77372,CUNDINAMARCA,LA CALERA,17,16203,16714,32917,2197,4535,15378,7979,2525,286
77525,CUNDINAMARCA,LA MESA,22,18175,17954,36129,2396,4837,13928,8807,5387,752
77678,CUNDINAMARCA,LA PALMA,6,5081,4729,9810,567,1292,3140,2909,1647,249
77831,CUNDINAMARCA,LA PEÑA,2,3358,2737,6095,343,802,2005,1699,1108,136
77984,CUNDINAMARCA,LA VEGA,7,9249,9393,18642,1388,2773,7447,4342,2322,363
78137,CUNDINAMARCA,LENGUAZAQUE,2,5573,5221,10794,1174,1959,4718,2089,763,89
78290,CUNDINAMARCA,MACHETA,2,3232,3046,6278,331,848,2420,1604,939,134
78443,CUNDINAMARCA,MADRID,21,62552,64586,127138,10535,19810,67494,22599,6159,520
78596,CUNDINAMARCA,MANTA,0,1982,1911,3893,200,446,1231,1106,719,191
78749,CUNDINAMARCA,MEDINA,4,4301,3910,8211,720,1482,3401,1695,800,109
78902,CUNDINAMARCA,MOSQUERA,18,73693,76972,150665,11598,22995,78904,29361,7259,530
79055,CUNDINAMARCA,NARIÑO,0,1286,1178,2464,155,315,976,630,346,42
79208,CUNDINAMARCA,NEMOCON,4,7203,7329,14532,1540,2604,6849,2607,827,101
79361,CUNDINAMARCA,NILO,2,8048,3980,12028,789,1329,7527,1545,733,103
79514,CUNDINAMARCA,NIMAIMA,0,1996,1767,3763,226,471,1330,984,666,86
79667,CUNDINAMARCA,NOCAIMA,2,3399,3163,6562,497,862,2335,1748,979,139
79820,CUNDINAMARCA,VENECIA,0,2321,2128,4449,364,677,1710,1078,559,61
79973,CUNDINAMARCA,PACHO,10,12680,13123,25803,1812,3924,9831,6235,3544,447
80126,CUNDINAMARCA,PAIME,2,2298,1981,4279,262,673,1544,1094,622,82
80279,CUNDINAMARCA,PANDI,2,2844,2490,5334,421,803,1976,1329,696,107
80432,CUNDINAMARCA,PARATEBUENO,4,4748,4470,9218,944,1762,4234,1633,575,66
80585,CUNDINAMARCA,PASCA,2,5016,4610,9626,717,1572,4053,2245,931,106
80738,CUNDINAMARCA,PUERTO SALGAR,7,8433,8238,16671,1269,2520,7521,3739,1439,176
80891,CUNDINAMARCA,PULI,0,1841,1597,3438,242,530,1061,958,571,76
81044,CUNDINAMARCA,QUEBRADANEGRA,2,2583,2344,4927,310,664,1689,1326,826,110
81197,CUNDINAMARCA,QUETAME,2,2732,2583,5315,533,943,2272,1050,450,65
81350,CUNDINAMARCA,QUIPILE,2,3518,3018,6536,441,915,2040,1784,1204,150
81503,CUNDINAMARCA,APULO,4,4496,4251,8747,692,1268,3306,2063,1230,184
81656,CUNDINAMARCA,RICAURTE,5,7265,7102,14367,1172,2107,6216,3184,1502,181
81809,CUNDINAMARCA,SAN ANTONIO DEL TEQUENDAMA,12,6440,6389,12829,859,1765,4472,3298,2091,332
81962,CUNDINAMARCA,SAN BERNARDO,4,4632,4352,8984,789,1447,3457,2139,1006,142
82115,CUNDINAMARCA,SAN CAYETANO,2,2622,2356,4978,339,780,1907,1244,628,78
82268,CUNDINAMARCA,SAN FRANCISCO,4,5838,6006,11844,889,1721,4586,2747,1639,258
82421,CUNDINAMARCA,SAN JUAN DE RIOSECO,2,4358,4179,8537,597,1277,2852,2220,1377,212
82574,CUNDINAMARCA,SASAIMA,5,5998,5523,11521,708,1804,4235,2937,1607,225
82727,CUNDINAMARCA,SESQUILE,4,6344,6301,12645,1052,2063,5887,2601,897,141
82880,CUNDINAMARCA,SIBATE,15,18116,18542,36658,2727,5575,17647,7725,2662,307
83033,CUNDINAMARCA,SILVANIA,19,11853,11636,23489,1862,3610,9126,5528,2986,358
83186,CUNDINAMARCA,SIMIJACA,4,6812,7250,14062,1119,2509,6055,2922,1276,177
83339,CUNDINAMARCA,SOACHA,220,365728,387820,753548,59698,119121,390535,144124,37263,2587
83492,CUNDINAMARCA,SOPO,8,14220,14779,28999,1857,4130,14393,6569,1822,220
83645,CUNDINAMARCA,SUBACHOQUE,4,8342,8401,16743,1235,2474,7780,3835,1279,136
83798,CUNDINAMARCA,SUESCA,13,9309,9432,18741,1655,3152,8760,3734,1266,161
83951,CUNDINAMARCA,SUPATA,2,2841,2702,5543,358,810,2006,1441,824,102
84104,CUNDINAMARCA,SUSA,2,3607,3460,7067,620,1244,2856,1489,749,107
84257,CUNDINAMARCA,SUTATAUSA,2,3254,3187,6441,691,1162,2905,1151,472,58
84410,CUNDINAMARCA,TABIO,14,11812,12394,24206,1947,3595,11252,5382,1781,235
84563,CUNDINAMARCA,TAUSA,2,4515,4139,8654,937,1571,3855,1642,589,58
84716,CUNDINAMARCA,TENA,2,5414,5117,10531,798,1540,3947,2515,1529,200
84869,CUNDINAMARCA,TENJO,28,11842,12254,24096,1837,3570,11509,5273,1614,265
85022,CUNDINAMARCA,TIBACUY,2,2418,2221,4639,317,702,1583,1189,761,85
85175,CUNDINAMARCA,TIBIRITA,0,1617,1668,3285,173,385,1077,870,671,109
85328,CUNDINAMARCA,TOCAIMA,4,8340,8271,16611,978,2236,6344,4254,2457,338
85481,CUNDINAMARCA,TOCANCIPA,11,22741,22973,45714,4332,7654,24213,7507,1786,211
85634,CUNDINAMARCA,TOPAIPI,0,2287,1997,4284,283,597,1411,1186,725,82
85787,CUNDINAMARCA,UBALA,2,4153,3636,7789,500,1188,3130,1761,1063,145
85940,CUNDINAMARCA,UBAQUE,2,3708,3359,7067,527,1066,2704,1723,885,160
86093,CUNDINAMARCA,VILLA DE SAN DIEGO DE UBATE,13,22858,24053,46911,3944,7851,22683,8822,3164,434
86246,CUNDINAMARCA,UNE,4,3869,3502,7371,509,1126,3156,1710,742,124
86399,CUNDINAMARCA,UTICA,0,2330,2104,4434,260,568,1560,1216,732,98
86552,CUNDINAMARCA,VERGARA,2,3771,3396,7167,463,989,2388,1955,1214,156
86705,CUNDINAMARCA,VIANI,0,2433,2234,4667,344,689,1596,1156,769,113
86858,CUNDINAMARCA,VILLAGOMEZ,0,949,877,1826,124,284,639,429,296,54
87011,CUNDINAMARCA,VILLAPINZON,4,9285,9148,18433,1720,3410,8121,3588,1434,156
87164,CUNDINAMARCA,VILLETA,11,14566,14562,29128,1988,4148,12421,6781,3317,462
87317,CUNDINAMARCA,VIOTA,6,7146,6732,13878,954,2103,4926,3477,2180,232
87470,CUNDINAMARCA,YACOPI,9,6544,6020,12564,920,1912,4477,3293,1757,196
87623,CUNDINAMARCA,ZIPACON,2,2559,2463,5022,370,763,1973,1162,662,90
87776,CUNDINAMARCA,ZIPAQUIRA,40,71026,75326,146352,11494,21609,71569,30472,10108,1060
87929,CHOCO,QUIBDO,99,60398,70427,130825,13901,26995,62415,19407,6876,1132
88082,CHOCO,ACANDI,5,7042,7117,14159,1402,2954,6505,2401,764,128
88235,CHOCO,ALTO BAUDO,42,14088,14205,28293,3399,6938,13309,3164,1127,314
88388,CHOCO,ATRATO,0,3135,3073,6208,572,1252,2842,988,485,69
88541,CHOCO,BAGADO,7,5598,5664,11262,1666,2952,4580,1471,498,88
88694,CHOCO,BAHIA SOLANO,4,5208,5071,10279,1030,2174,4682,1693,587,109
88847,CHOCO,BAJO BAUDO,18,15336,15136,30472,3574,7732,13286,4156,1477,229
89000,CHOCO,BOJAYA,5,6278,6048,12326,1717,3355,5239,1461,467,82
89153,CHOCO,EL CANTON DEL SAN PABLO,2,3077,3209,6286,727,1388,2795,911,384,79
89306,CHOCO,CARMEN DEL DARIEN,7,10229,9280,19509,2314,4719,8915,2609,848,97
89459,CHOCO,CERTEGUI,0,2673,3087,5760,549,1124,2569,996,437,85
89612,CHOCO,CONDOTO,5,5847,6520,12367,1178,2611,5489,2106,837,141
89765,CHOCO,EL CARMEN DE ATRATO,7,4071,4141,8212,750,1594,3580,1590,601,90
89918,CHOCO,EL LITORAL DEL SAN JUAN,10,11637,11253,22890,2882,5889,10072,3021,869,147
90071,CHOCO,ISTMINA,20,14865,15941,30806,3098,6470,14767,4645,1523,283
90224,CHOCO,JURADO,0,3503,3338,6841,878,1730,3006,901,273,53
90377,CHOCO,LLORO,4,4982,4931,9913,1758,2667,3666,1287,436,95
90530,CHOCO,MEDIO ATRATO,20,5648,5282,10930,963,2276,5353,1742,484,92
90683,CHOCO,MEDIO BAUDO,8,7885,7798,15683,1890,3867,6767,2200,799,152
90836,CHOCO,MEDIO SAN JUAN,5,5257,5569,10826,1175,2342,4492,1843,810,159
90989,CHOCO,NOVITA,6,4549,4556,9105,993,1936,4030,1482,552,106
91142,CHOCO,NUQUI,3,8304,8338,16642,2098,4127,7223,2335,760,96
91295,CHOCO,RIO IRO,0,2752,2840,5592,630,1315,2183,932,470,62
91448,CHOCO,RIO QUITO,5,4016,4432,8448,910,1843,3825,1315,459,91
91601,CHOCO,RIOSUCIO,34,29771,25461,55232,4523,10522,27543,9490,2748,372
91754,CHOCO,SAN JOSE DEL PALMAR,2,2552,2409,4961,501,1059,2217,862,277,43
91907,CHOCO,SIPI,0,1734,1486,3220,356,788,1509,401,149,17
92060,CHOCO,TADO,6,8351,9562,17913,1890,3865,7762,3058,1121,211
92213,CHOCO,UNGUIA,4,6611,6211,12822,1345,2917,5803,1954,689,110
92366,CHOCO,UNION PANAMERICANA,2,3414,3568,6982,635,1334,3401,1123,404,83
92519,HUILA,NEIVA,121,174685,189723,364408,31284,59374,164231,76889,29420,3089
92672,HUILA,ACEVEDO,10,13037,12261,25298,2763,5528,11612,3909,1293,183
92825,HUILA,AGRADO,2,4446,4491,8937,872,1739,3829,1653,741,101
92978,HUILA,AIPE,7,8206,8340,16546,1621,3142,7034,3180,1388,174
93131,HUILA,ALGECIRAS,5,11631,10944,22575,1957,4389,10047,4220,1733,224
93284,HUILA,ALTAMIRA,0,2411,1956,4367,305,716,2018,926,352,50
93437,HUILA,BARAYA,5,4491,3778,8269,547,1444,3583,1792,790,108
93590,HUILA,CAMPOALEGRE,6,15584,15773,31357,2698,5405,13493,6678,2793,284
93743,HUILA,COLOMBIA,0,3826,3238,7064,690,1294,2861,1466,673,80
93896,HUILA,ELIAS,0,2242,2058,4300,347,769,1776,909,434,65
94049,HUILA,GARZON,11,37040,37096,74136,6927,13913,32848,14299,5451,687
94202,HUILA,GIGANTE,5,12281,12445,24726,2057,4499,10526,5183,2175,281
94355,HUILA,GUADALUPE,6,9305,8997,18302,1815,3647,7862,3450,1304,218
94508,HUILA,HOBO,2,3760,3627,7387,729,1408,3158,1404,603,83
94661,HUILA,IQUIRA,0,4753,4592,9345,1016,1876,3919,1698,723,113
94814,HUILA,ISNOS,4,12978,12741,25719,2309,4714,11975,4651,1833,233
94967,HUILA,LA ARGENTINA,2,6672,6490,13162,1347,2688,5928,2272,824,101
95120,HUILA,LA PLATA,26,31629,30751,62380,6746,12731,27649,10602,4137,489
95273,HUILA,NATAGA,0,3370,3203,6573,775,1381,2771,1069,495,82
95426,HUILA,OPORAPA,1,6064,5856,11920,1444,2678,5250,1814,662,71
95579,HUILA,PAICOL,0,3427,3295,6722,627,1298,2904,1309,501,83
95732,HUILA,PALERMO,9,13678,13203,26881,2440,4627,11615,5738,2196,256
95885,HUILA,PALESTINA,1,5919,5476,11395,1231,2203,5190,1988,703,79
96038,HUILA,PITAL,4,7041,6886,13927,1608,2896,5844,2444,1010,121
96191,HUILA,PITALITO,25,63932,64698,128630,11871,23703,60627,23027,8425,952
96344,HUILA,RIVERA,11,13440,11691,25131,2007,4044,11711,5040,2047,271
96497,HUILA,SALADOBLANCO,0,5436,5131,10567,1222,2304,4616,1672,677,76
96650,HUILA,SAN AGUSTIN,7,17173,16554,33727,3079,5868,15368,6339,2736,330
96803,HUILA,SANTA MARIA,0,5443,5019,10462,1158,2059,4541,1889,737,78
96956,HUILA,SUAZA,7,11744,10985,22729,2487,4535,10029,3972,1451,248
97109,HUILA,TARQUI,5,9051,8678,17729,1668,3561,7925,3190,1229,151
97262,HUILA,TESALIA,4,5563,5360,10923,1023,1998,4664,2161,936,137
97415,HUILA,TELLO,6,6229,5571,11800,1085,2228,4933,2362,1044,142
97568,HUILA,TERUEL,3,4199,3895,8094,806,1474,3468,1546,681,116
97721,HUILA,TIMANA,4,11293,10777,22070,1909,3990,9588,4417,1940,222
97874,HUILA,VILLAVIEJA,0,3732,3508,7240,647,1117,2971,1706,708,91
98027,HUILA,YAGUARA,2,3966,3858,7824,633,1230,3361,1817,682,99
98180,LA GUAJIRA,RIOHACHA,58,98050,103789,201839,23867,43341,96582,29069,8178,744
98333,LA GUAJIRA,ALBANIA,9,16156,16109,32265,3772,7207,15900,4380,902,95
98486,LA GUAJIRA,BARRANCAS,10,19034,19314,38348,4100,7972,18719,5531,1779,237
98639,LA GUAJIRA,DIBULLA,15,21533,20527,42060,4898,9803,19878,5771,1529,166
98792,LA GUAJIRA,DISTRACCION,3,7208,7040,14248,1452,2805,6991,2126,770,101
98945,LA GUAJIRA,EL MOLINO,2,3921,3958,7879,667,1368,3594,1551,617,80
99098,LA GUAJIRA,FONSECA,12,21839,22705,44544,5162,9172,20711,6935,2287,265
99251,LA GUAJIRA,HATONUEVO,5,10948,11085,22033,2473,4797,10957,2964,741,96
99404,LA GUAJIRA,LA JAGUA DEL PILAR,0,2024,1810,3834,366,819,1751,648,219,31
99557,LA GUAJIRA,MAICAO,70,89723,95349,185072,22351,41220,87465,25807,7498,661
99710,LA GUAJIRA,MANAURE,24,45742,47689,93431,13380,24541,41702,10019,3403,362
99863,LA GUAJIRA,SAN JUAN DEL CESAR,45,24351,25233,49584,4559,9139,22885,9196,3318,442
100016,LA GUAJIRA,URIBIA,110,92058,98026,190084,21361,43138,91696,23744,8699,1336
100169,LA GUAJIRA,URUMITA,3,5557,5704,11261,1039,2098,4954,2223,832,112
100322,LA GUAJIRA,VILLANUEVA,11,14250,14986,29236,2949,5749,12903,5281,2074,269
100475,STA MARTA D.E.,SANTA MARTA,236,261158,277454,538612,44213,92165,260527,102860,34951,3660
100628,MAGDALENA,ALGARROBO,4,8683,8102,16785,1905,3807,7388,2692,887,102
100781,MAGDALENA,ARACATACA,21,21006,20486,41492,4309,8823,18876,6740,2426,297
100934,MAGDALENA,ARIGUANI,13,16303,15491,31794,3212,6544,14102,5694,2024,205
101087,MAGDALENA,CERRO DE SAN ANTONIO,4,5133,4808,9941,996,1887,4209,1838,898,109
101240,MAGDALENA,CHIBOLO,14,12504,10884,23388,2391,4856,10499,4080,1372,176
101393,MAGDALENA,CIENAGA,68,61724,62615,124339,11465,23844,58141,22067,7871,883
101546,MAGDALENA,CONCORDIA,11,5913,5314,11227,902,1990,4222,2599,1292,211
101699,MAGDALENA,EL BANCO,13,35179,34522,69701,7167,14445,30156,12066,5225,629
101852,MAGDALENA,EL PIÑON,90,12500,11583,24083,2256,4423,10005,4949,2044,316
102005,MAGDALENA,EL RETEN,5,10764,10288,21052,2196,4632,9681,3304,1116,118
102158,MAGDALENA,FUNDACION,20,34746,35745,70491,7005,14765,31875,12091,4279,456
102311,MAGDALENA,GUAMAL,15,14402,13516,27918,2740,5661,10691,5692,2706,413
102464,MAGDALENA,NUEVA GRANADA,4,11055,10111,21166,2297,4687,9367,3462,1218,131
102617,MAGDALENA,PEDRAZA,1,4834,4456,9290,925,1820,3802,1800,830,112
102770,MAGDALENA,PIJIÑO DEL CARMEN,4,6669,6239,12908,1510,2942,5422,2099,824,107
102923,MAGDALENA,PIVIJAY,21,19847,19126,38973,3604,7301,16246,8010,3375,416
103076,MAGDALENA,PLATO,22,32662,31355,64017,6355,13005,28221,11274,4642,498
103229,MAGDALENA,PUEBLOVIEJO,5,16365,15823,32188,3460,6652,14853,5248,1802,168
103382,MAGDALENA,REMOLINO,6,6168,5761,11929,1105,2144,5458,2189,923,104
103535,MAGDALENA,SABANAS DE SAN ANGEL,5,8973,7751,16724,1936,3761,7012,2857,1045,108
103688,MAGDALENA,SALAMINA,4,5710,5585,11295,947,1930,4976,2276,1011,151
103841,MAGDALENA,SAN SEBASTIAN DE BUENAVISTA,5,10569,10127,20696,2142,4321,8372,3822,1773,261
103994,MAGDALENA,SAN ZENON,1,6343,6096,12439,1451,2790,5203,2022,850,122
104147,MAGDALENA,SANTA ANA,5,13505,12570,26075,2710,5446,11266,4629,1785,234
104300,MAGDALENA,SANTA BARBARA DE PINTO,4,5803,5492,11295,1085,2304,4890,2109,790,113
104453,MAGDALENA,SITIONUEVO,7,15046,14113,29159,2892,5908,13308,5025,1836,183
104606,MAGDALENA,TENERIFE,3,7132,6371,13503,1284,2780,5751,2504,1049,132
104759,MAGDALENA,ZAPAYAN,4,5605,5008,10613,1057,2137,4710,1939,687,79
104912,MAGDALENA,ZONA BANANERA,27,37416,36517,73933,8154,15861,34243,11560,3646,442
105065,META,VILLAVICENCIO,179,269277,276025,545302,40175,83998,262379,114828,39636,4107
105218,META,ACACIAS,16,47748,44081,91829,7193,14605,44368,18586,6363,698
105371,META,BARRANCA DE UPIA,2,3287,3291,6578,666,1380,3134,1032,325,39
105524,META,CABUYARO,0,3408,2784,6192,598,1172,2853,1149,398,22
105677,META,CASTILLA LA NUEVA,3,8179,7727,15906,1479,2913,7908,2785,720,98
105830,META,CUBARRAL,2,3579,3489,7068,496,1197,3031,1554,701,87
105983,META,CUMARAL,4,11506,11689,23195,1898,4077,10661,4568,1742,245
106136,META,EL CALVARIO,0,899,753,1652,87,359,676,342,173,15
106289,META,EL CASTILLO,0,3856,3552,7408,637,1421,3096,1493,681,80
106442,META,EL DORADO,0,2010,1961,3971,276,770,1658,872,354,41
106595,META,FUENTE DE ORO,2,6297,6091,12388,1026,2268,5480,2518,988,106
106748,META,GRANADA,6,34099,36478,70577,6049,12673,32884,13426,4972,567
106901,META,GUAMAL,2,7194,7268,14462,1221,2408,6485,3107,1067,172
107054,META,MAPIRIPAN,1,3869,3287,7156,1097,1740,2824,1159,302,33
107207,META,MESETAS,2,5476,4954,10430,958,1977,4628,1987,760,118
107360,META,LA MACARENA,5,15009,13043,28052,3262,6351,13057,4321,950,106
107513,META,URIBE,0,5323,4159,9482,827,1962,4633,1492,515,53
107666,META,LEJANIAS,2,5737,5425,11162,975,2072,4762,2241,990,120
107819,META,PUERTO CONCORDIA,2,4586,3983,8569,897,1874,3589,1606,546,55
107972,META,PUERTO GAITAN,6,23264,20341,43605,5825,9743,20851,5880,1184,116
108125,META,PUERTO LOPEZ,6,15395,14917,30312,2897,5802,13615,5850,1961,181
108278,META,PUERTO LLERAS,3,5565,4789,10354,906,2066,4504,2082,718,75
108431,META,PUERTO RICO,3,6990,5884,12874,1223,2433,5840,2509,788,78
108584,META,RESTREPO,4,9367,9291,18658,1462,3038,8450,4008,1499,197
108737,META,SAN CARLOS DE GUAROA,2,6740,6135,12875,1357,2558,6094,2201,579,84
108890,META,SAN JUAN DE ARAMA,2,4677,4188,8865,607,1541,3985,1886,751,93
109043,META,SAN JUANITO,0,653,590,1243,124,242,548,225,92,12
109196,META,SAN MARTIN,5,13123,13376,26499,2149,4820,11353,5535,2379,258
109349,META,VISTAHERMOSA,2,8882,7908,16790,1443,3257,7413,3332,1234,109
109502,NARIÑO,PASTO,188,185141,207448,392589,23736,48836,186229,91579,37207,4814
109655,NARIÑO,ALBAN,2,4684,4636,9320,555,1195,4280,2059,1020,209
109808,NARIÑO,ALDANA,2,3528,3833,7361,500,1007,3404,1567,753,128
109961,NARIÑO,ANCUYA,2,4391,4212,8603,423,931,3666,2047,1280,254
110114,NARIÑO,ARBOLEDA,2,4230,4190,8420,565,1193,3794,1767,912,187
110267,NARIÑO,BARBACOAS,32,28692,27834,56526,7299,13101,25413,7798,2470,413
110420,NARIÑO,BELEN,2,3071,3230,6301,386,752,2841,1508,690,122
110573,NARIÑO,BUESACO,20,11882,12028,23910,1485,3381,10356,5263,2966,439
110726,NARIÑO,COLON,6,4221,4095,8316,467,1075,3686,1799,1059,224
110879,NARIÑO,CONSACA,3,6755,6983,13738,666,1729,5982,3237,1796,325
111032,NARIÑO,CONTADERO,2,3567,3669,7236,507,1011,3105,1578,888,145
111185,NARIÑO,CORDOBA,7,7446,8031,15477,1201,2349,7219,2910,1495,296
111338,NARIÑO,CUASPUD CARLOSAMA,2,4502,4696,9198,709,1375,4246,1806,888,172
111491,NARIÑO,CUMBAL,11,18031,19002,37033,3055,5641,17747,6896,3204,479
111644,NARIÑO,CUMBITARA,2,2942,2826,5768,363,867,2775,1075,596,90
111797,NARIÑO,CHACHAGÜI,5,7600,7703,15303,1024,2163,7091,3068,1683,269
111950,NARIÑO,EL CHARCO,15,11369,11181,22550,2991,5329,9939,3031,1076,169
112103,NARIÑO,EL PEÑOL,2,3746,3696,7442,332,891,3309,1815,907,186
112256,NARIÑO,EL ROSARIO,5,6088,5974,12062,671,1684,5500,2698,1353,151
112409,NARIÑO,EL TABLON DE GOMEZ,5,7200,7061,14261,806,1961,7054,2861,1351,223
112562,NARIÑO,EL TAMBO,6,6830,6979,13809,761,1754,5966,3190,1799,333
112715,NARIÑO,FUNES,2,3558,3577,7135,369,995,3084,1591,951,143
112868,NARIÑO,GUACHUCAL,7,9292,10047,19339,1252,2334,9111,4392,1943,300
113021,NARIÑO,GUAITARILLA,4,5635,5690,11325,606,1442,4910,2779,1388,196
113174,NARIÑO,GUALMATAN,2,3332,3708,7040,364,842,3182,1660,861,129
113327,NARIÑO,ILES,2,3704,3928,7632,551,1101,3441,1591,823,123
113480,NARIÑO,IMUES,2,3571,3875,7446,360,863,3323,1779,988,131
113633,NARIÑO,IPIALES,45,55626,60210,115836,8842,17350,54713,24284,9340,1262
113786,NARIÑO,LA CRUZ,4,9112,9531,18643,1093,2330,8486,4307,2148,275
113939,NARIÑO,LA FLORIDA,5,4890,5021,9911,548,1179,4291,2397,1276,215
114092,NARIÑO,LA LLANADA,0,3172,3298,6470,572,991,3036,1261,522,88
114245,NARIÑO,LA TOLA,0,3720,3740,7460,904,1726,3174,1103,493,60
114398,NARIÑO,LA UNION,31,15736,16015,31751,2032,4141,14614,7175,3232,526
114551,NARIÑO,LEIVA,2,4957,4614,9571,623,1626,4439,1884,869,128
114704,NARIÑO,LINARES,2,5010,5002,10012,478,1191,4391,2295,1375,280
114857,NARIÑO,LOS ANDES,4,4657,4611,9268,655,1373,4258,1888,924,166
115010,NARIÑO,MAGÜI,10,12988,12555,25543,3656,6297,11605,2865,923,187
115163,NARIÑO,MALLAMA,2,4457,4489,8946,637,1321,4139,1778,894,175
115316,NARIÑO,MOSQUERA,7,6360,6222,12582,1068,2381,6454,1851,692,129
115469,NARIÑO,NARIÑO,0,2156,2190,4346,286,568,2050,971,428,43
115622,NARIÑO,OLAYA HERRERA,13,12544,12666,25210,3149,5865,11509,3292,1204,178
115775,NARIÑO,OSPINA,2,3437,3556,6993,427,884,3136,1653,774,117
115928,NARIÑO,FRANCISCO PIZARRO,3,7163,6995,14158,1496,2988,6137,2499,884,151
116081,NARIÑO,POLICARPA,3,4874,4905,9779,592,1508,4847,1894,821,114
116234,NARIÑO,POTOSI,2,4929,5129,10058,824,1413,4419,2138,1097,165
116387,NARIÑO,PROVIDENCIA,2,2681,2872,5553,409,806,2649,1029,575,83
116540,NARIÑO,PUERRES,4,4093,4272,8365,586,1168,3556,1807,1049,195
116693,NARIÑO,PUPIALES,7,8429,8790,17219,1095,2210,7588,4110,1901,308
116846,NARIÑO,RICAURTE,5,10160,9897,20057,2295,4300,9505,2568,1195,189
116999,NARIÑO,ROBERTO PAYAN,2,6368,6326,12694,1539,2939,5761,1752,617,84
117152,NARIÑO,SAMANIEGO,10,13680,14062,27742,1605,3639,13123,5981,2884,500
117305,NARIÑO,SANDONA,5,9763,10007,19770,1025,2432,8661,4843,2352,452
117458,NARIÑO,SAN BERNARDO,2,4667,4504,9171,627,1231,4378,1875,923,135
117611,NARIÑO,SAN LORENZO,5,9388,9011,18399,1065,2478,8347,4042,2119,343
117764,NARIÑO,SAN PABLO,9,7132,7661,14793,850,1885,6411,3420,1905,313
117917,NARIÑO,SAN PEDRO DE CARTAGO,2,3424,3396,6820,441,984,3293,1268,709,123
118070,NARIÑO,SANTA BARBARA,6,6684,6558,13242,1612,2922,6053,1874,647,128
118223,NARIÑO,SANTACRUZ,2,5574,5500,11074,803,1666,5458,1969,1007,169
118376,NARIÑO,SAPUYES,2,3596,3636,7232,405,945,3320,1664,779,117
118529,NARIÑO,TAMINANGO,10,8883,8995,17878,870,2186,8148,4232,2056,376
118682,NARIÑO,TANGUA,5,6560,6761,13321,809,1674,6037,3033,1558,205
118835,NARIÑO,SAN ANDRES DE TUMACO,112,126424,130628,257052,25786,50515,121429,41893,15167,2150
118988,NARIÑO,TUQUERRES,10,21844,22731,44575,2816,6011,21219,9620,4386,513
119141,NARIÑO,YACUANQUER,4,5397,5558,10955,672,1462,5159,2274,1229,155
119294,NORTE SANTANDER,SAN JOSE DE CUCUTA,314,376753,400353,777106,61616,121899,371900,157284,57372,6721
119447,NORTE SANTANDER,ABREGO,8,17041,16890,33931,3415,6535,15440,6080,2170,283
119600,NORTE SANTANDER,ARBOLEDAS,0,5399,4657,10056,845,1784,4237,2154,891,145
119753,NORTE SANTANDER,BOCHALEMA,0,4602,4243,8845,694,1432,3856,1877,841,145
119906,NORTE SANTANDER,BUCARASICA,1,3504,3110,6614,790,1395,2920,1039,404,65
120059,NORTE SANTANDER,CACOTA,0,1565,1349,2914,268,486,1277,585,260,38
120212,NORTE SANTANDER,CACHIRA,0,5871,5327,11198,962,2162,4414,2390,1105,165
120365,NORTE SANTANDER,CHINACOTA,5,9206,9652,18858,1453,3009,8096,4143,1871,281
120518,NORTE SANTANDER,CHITAGA,2,6446,5948,12394,1132,2246,5640,2298,941,135
120671,NORTE SANTANDER,CONVENCION,5,10058,9589,19647,2170,4103,8904,3106,1178,181
120824,NORTE SANTANDER,CUCUTILLA,0,4405,4070,8475,631,1429,3592,1824,855,144
120977,NORTE SANTANDER,DURANIA,0,2483,2329,4812,366,741,2008,1121,500,76
121130,NORTE SANTANDER,EL CARMEN,0,7294,6749,14043,1595,2900,6035,2351,1022,140
121283,NORTE SANTANDER,EL TARRA,5,11519,10407,21926,3006,5080,10649,2404,669,113
121436,NORTE SANTANDER,EL ZULIA,5,14963,14429,29392,2863,5411,14103,5101,1702,207
121589,NORTE SANTANDER,GRAMALOTE,0,4269,3425,7694,478,1107,3526,1752,751,80
121742,NORTE SANTANDER,HACARI,0,5508,5095,10603,1405,2494,4930,1304,421,49
121895,NORTE SANTANDER,HERRAN,1,3691,3635,7326,634,1092,3151,1645,705,98
122048,NORTE SANTANDER,LABATECA,0,3394,3180,6574,543,1126,2755,1359,702,89
122201,NORTE SANTANDER,LA ESPERANZA,0,6416,5957,12373,1470,2687,5453,1989,685,89
122354,NORTE SANTANDER,LA PLAYA,0,4158,3845,8003,804,1569,3508,1466,581,75
122507,NORTE SANTANDER,LOS PATIOS,8,46519,50701,97220,7486,15215,46474,20512,6779,746
122660,NORTE SANTANDER,LOURDES,0,2201,1990,4191,412,777,1832,816,314,40
122813,NORTE SANTANDER,MUTISCUA,0,2341,2189,4530,389,743,2113,866,369,50
122966,NORTE SANTANDER,OCAÑA,50,62074,67234,129308,10281,20932,61072,25472,10183,1318
123119,NORTE SANTANDER,PAMPLONA,22,25852,28057,53909,3416,7723,26325,11089,4675,659
123272,NORTE SANTANDER,PAMPLONITA,0,3030,2763,5793,489,993,2428,1183,614,86
123425,NORTE SANTANDER,PUERTO SANTANDER,2,4591,4671,9262,983,1830,4397,1464,523,63
123578,NORTE SANTANDER,RAGONVALIA,0,3389,2950,6339,485,980,2761,1357,669,87
123731,NORTE SANTANDER,SALAZAR,2,5615,5113,10728,839,1940,4558,2181,1020,188
123884,NORTE SANTANDER,SAN CALIXTO,0,6442,5732,12174,1528,2707,5648,1667,549,75
124037,NORTE SANTANDER,SAN CAYETANO,0,3934,3856,7790,761,1400,3609,1448,501,71
124190,NORTE SANTANDER,SANTIAGO,0,1878,1789,3667,289,619,1693,712,320,34
124343,NORTE SANTANDER,SARDINATA,5,14022,12782,26804,2917,5454,12440,4245,1540,203
124496,NORTE SANTANDER,SILOS,0,3429,3117,6546,659,1143,3025,1151,504,64
124649,NORTE SANTANDER,TEORAMA,3,9043,8627,17670,2276,3952,8250,2298,775,116
124802,NORTE SANTANDER,TIBU,7,30863,27858,58721,7426,12678,28570,7769,2064,207
124955,NORTE SANTANDER,TOLEDO,4,8431,7894,16325,1383,2908,6799,3504,1506,221
125108,NORTE SANTANDER,VILLA CARO,0,2676,2627,5303,568,1083,2284,931,378,59
125261,NORTE SANTANDER,VILLA DEL ROSARIO,68,53897,57357,111254,9214,17918,54195,21743,7279,837
125414,QUINDIO,ARMENIA,187,143543,161221,304764,17400,35176,133952,76573,37111,4365
125567,QUINDIO,BUENAVISTA,0,1662,1467,3129,238,476,1262,788,343,22
125720,QUINDIO,CALARCA,37,36788,38102,74890,4620,9442,32468,18303,8950,1070
125873,QUINDIO,CIRCASIA,19,13986,15074,29060,1819,3628,12267,7357,3574,396
126026,QUINDIO,CORDOBA,3,3052,2687,5739,446,821,2318,1504,576,71
126179,QUINDIO,FILANDIA,3,6058,6201,12259,698,1566,4980,3282,1574,156
126332,QUINDIO,GENOVA,3,3984,3463,7447,489,1001,2935,1957,930,132
126485,QUINDIO,LA TEBAIDA,13,17040,17763,34803,2325,4833,15835,7780,3604,413
126638,QUINDIO,MONTENEGRO,7,18504,19014,37518,2539,5039,16524,8797,4191,421
126791,QUINDIO,PIJAO,0,2654,2467,5121,357,725,1985,1406,588,60
126944,QUINDIO,QUIMBAYA,10,15104,16038,31142,1990,3927,13261,7650,3912,392
127097,QUINDIO,SALENTO,5,4902,4627,9529,608,1209,3966,2479,1138,124
127250,RISARALDA,PEREIRA,320,224099,252928,477027,28728,58690,213503,115141,54440,6205
127403,RISARALDA,APIA,4,6283,5938,12221,776,1780,4897,3126,1494,144
127556,RISARALDA,BALBOA,2,3326,2971,6297,414,929,2485,1694,708,65
127709,RISARALDA,BELEN DE UMBRIA,17,12482,12226,24708,1710,3772,10081,6069,2787,272
127862,RISARALDA,DOSQUEBRADAS,89,104514,119268,223782,13901,28156,101538,53610,23980,2508
128015,RISARALDA,GUATICA,2,6199,5911,12110,771,1806,4920,3099,1387,125
128168,RISARALDA,LA CELIA,49,3922,3504,7426,488,1033,2886,1980,893,97
128321,RISARALDA,LA VIRGINIA,6,13152,14829,27981,1783,3877,12592,6463,2951,309
128474,RISARALDA,MARSELLA,7,8376,8340,16716,1170,2513,6595,3969,2201,261
128627,RISARALDA,MISTRATO,5,8744,8513,17257,2468,4070,6925,2559,1118,112
128780,RISARALDA,PUEBLO RICO,3,8336,8114,16450,2960,4303,6195,2055,842,92
128933,RISARALDA,QUINCHIA,6,13848,13426,27274,2197,4476,11142,6049,3056,348
129086,RISARALDA,SANTA ROSA DE CABAL,25,38873,40499,79372,4719,10326,34479,19326,9374,1123
129239,RISARALDA,SANTUARIO,7,6360,6074,12434,764,1862,4896,3179,1560,166
129392,SANTANDER,BUCARAMANGA,415,288704,318724,607428,38794,78615,286651,138271,57031,7651
129545,SANTANDER,AGUADA,0,961,906,1867,115,236,775,448,250,43
129698,SANTANDER,ALBANIA,0,2263,2073,4336,262,641,1536,1094,704,99
129851,SANTANDER,ARATOCA,1,4334,4153,8487,606,1349,3732,1886,816,97
130004,SANTANDER,BARBOSA,8,15827,16826,32653,2368,5115,14672,7143,2954,393
130157,SANTANDER,BARICHARA,2,5274,5541,10815,789,1593,4176,2675,1368,212
130310,SANTANDER,BARRANCABERMEJA,36,102574,108155,210729,18278,34863,97795,43117,14983,1657
130463,SANTANDER,BETULIA,2,3222,2839,6061,544,1090,2590,1262,497,76
130616,SANTANDER,BOLIVAR,6,5599,5381,10980,741,1861,4423,2456,1320,173
130769,SANTANDER,CABRERA,0,1003,1018,2021,129,317,768,491,281,35
130922,SANTANDER,CALIFORNIA,0,1144,1088,2232,242,372,1026,417,154,21
131075,SANTANDER,CAPITANEJO,2,2754,2725,5479,353,827,2103,1279,774,141
131228,SANTANDER,CARCASI,1,2289,1970,4259,328,763,1787,874,459,47
131381,SANTANDER,CEPITA,0,1025,1000,2025,145,332,887,428,207,26
131534,SANTANDER,CERRITO,3,3644,3289,6933,578,1148,3161,1356,596,91
131687,SANTANDER,CHARALA,4,6062,6210,12272,912,1923,4817,2968,1452,196
131840,SANTANDER,CHARTA,0,1494,1394,2888,221,393,1113,727,380,54
131993,SANTANDER,CHIMA,0,1490,1376,2866,210,466,1097,727,329,37
132146,SANTANDER,CHIPATA,2,2661,2432,5093,246,703,1942,1299,779,122
132299,SANTANDER,CIMITARRA,12,17672,16731,34403,2805,6091,16644,6316,2279,256
132452,SANTANDER,CONCEPCION,2,2927,2830,5757,434,934,2353,1267,665,102
132605,SANTANDER,CONFINES,0,1752,1542,3294,330,554,1375,729,274,32
132758,SANTANDER,CONTRATACION,3,1812,1887,3699,216,503,1271,968,636,102
132911,SANTANDER,COROMORO,1,2667,2357,5024,431,846,1994,1183,507,62
133064,SANTANDER,CURITI,10,6623,6660,13283,1028,2117,5578,3030,1353,167
133217,SANTANDER,EL CARMEN DE CHUCURI,14,11268,10552,21820,1845,4021,10085,4299,1413,143
133370,SANTANDER,EL GUACAMAYO,0,1037,1048,2085,133,335,802,512,275,28
133523,SANTANDER,EL PEÑON,2,2929,2578,5507,465,1123,2468,973,420,56
133676,SANTANDER,EL PLAYON,3,7205,6833,14038,1199,2545,6216,2725,1176,174
133829,SANTANDER,ENCINO,0,1346,1237,2583,232,479,1070,561,214,27
133982,SANTANDER,ENCISO,0,1764,1681,3445,233,505,1401,846,409,51
134135,SANTANDER,FLORIAN,2,2882,2707,5589,374,1001,2267,1274,570,101
134288,SANTANDER,FLORIDABLANCA,99,145563,162333,307896,20344,41274,144884,70544,27633,3118
134441,SANTANDER,GALAN,0,1484,1407,2891,239,452,1112,687,349,52
134594,SANTANDER,GAMBITA,0,2091,1922,4013,354,722,1557,889,436,55
134747,SANTANDER,GIRON,55,84290,87614,171904,13014,25766,83907,35589,12216,1357
134900,SANTANDER,GUACA,1,3127,2782,5909,449,980,2518,1266,626,69
135053,SANTANDER,GUADALUPE,0,2241,2227,4468,259,709,1651,1140,616,93
135206,SANTANDER,GUAPOTA,0,1248,1165,2413,169,389,959,614,255,27
135359,SANTANDER,GUAVATA,0,2111,2080,4191,189,530,1436,1221,707,108
135512,SANTANDER,GÜEPSA,0,2679,2630,5309,364,781,2253,1271,537,103
135665,SANTANDER,HATO,0,1273,1097,2370,183,386,1001,553,225,22
135818,SANTANDER,JESUS MARIA,0,1699,1640,3339,187,509,1209,891,475,68
135971,SANTANDER,JORDAN,0,680,656,1336,120,228,593,269,116,10
136124,SANTANDER,LA BELLEZA,2,3177,3001,6178,432,1033,2539,1435,641,96
136277,SANTANDER,LANDAZURI,4,5445,5143,10588,793,1834,4399,2362,1038,158
136430,SANTANDER,LA PAZ,2,2582,2335,4917,270,733,1793,1301,707,111
136583,SANTANDER,LEBRIJA,26,22533,21636,44169,3545,7202,21463,8717,2848,368
136736,SANTANDER,LOS SANTOS,4,7654,7133,14787,1246,2574,6713,2961,1149,140
136889,SANTANDER,MACARAVITA,0,1105,999,2104,156,357,803,445,295,48
137042,SANTANDER,MALAGA,13,10404,11268,21672,1472,3431,9506,4761,2137,352
137195,SANTANDER,MATANZA,2,2646,2389,5035,366,746,2006,1239,582,94
137348,SANTANDER,MOGOTES,3,5361,5286,10647,938,1930,4357,2157,1126,136
137501,SANTANDER,MOLAGAVITA,1,2170,1936,4106,219,654,1610,991,560,71
137654,SANTANDER,OCAMONTE,2,3087,2723,5810,436,967,2383,1409,558,55
137807,SANTANDER,OIBA,3,5601,5574,11175,787,1770,4665,2690,1088,172
137960,SANTANDER,ONZAGA,0,2137,1945,4082,257,624,1434,1021,638,108
138113,SANTANDER,PALMAR,0,719,688,1407,91,223,568,328,173,24
138266,SANTANDER,PALMAS DEL SOCORRO,0,1332,1294,2626,205,422,1051,612,289,47
138419,SANTANDER,PARAMO,0,2536,2333,4869,431,817,2188,983,402,48
138572,SANTANDER,PIEDECUESTA,88,88820,94139,182959,13625,27394,87846,39114,13329,1563
138725,SANTANDER,PINCHOTE,2,2767,2618,5385,355,786,2300,1274,579,89
138878,SANTANDER,PUENTE NACIONAL,4,7404,7440,14844,804,2161,5427,3735,2332,381
139031,SANTANDER,PUERTO PARRA,2,4117,3900,8017,895,1593,3535,1474,462,56
139184,SANTANDER,PUERTO WILCHES,10,17617,16589,34206,3489,6733,15181,6403,2111,279
139337,SANTANDER,RIONEGRO,5,14273,12789,27062,2270,4570,11586,5995,2354,282
139490,SANTANDER,SABANA DE TORRES,9,17515,17041,34556,3585,6644,16079,6072,1954,213
139643,SANTANDER,SAN ANDRES,1,4498,4098,8596,574,1278,3253,2116,1194,180
139796,SANTANDER,SAN BENITO,0,1603,1369,2972,179,411,1194,767,347,74
139949,SANTANDER,SAN GIL,11,28627,31043,59670,4270,8633,27109,13432,5502,713
140102,SANTANDER,SAN JOAQUIN,0,1144,1064,2208,158,376,817,499,319,39
140255,SANTANDER,SAN JOSE DE MIRANDA,1,2223,2066,4289,259,644,1742,967,582,94
140408,SANTANDER,SAN MIGUEL,0,1327,1151,2478,190,396,975,558,320,39
140561,SANTANDER,SAN VICENTE DE CHUCURI,10,17532,16061,33593,2584,5704,14986,7236,2790,283
140714,SANTANDER,SANTA BARBARA,0,1328,1120,2448,183,374,1062,544,257,28
140867,SANTANDER,SANTA HELENA DEL OPON,0,1791,1620,3411,285,644,1518,708,229,27
141020,SANTANDER,SIMACOTA,2,5456,4770,10226,809,1796,4256,2333,912,118
141173,SANTANDER,SOCORRO,23,16091,17537,33628,2090,4738,15314,7711,3274,478
141326,SANTANDER,SUAITA,3,5133,5025,10158,674,1514,3779,2594,1389,205
141479,SANTANDER,SUCRE,2,3627,3437,7064,480,1167,2669,1756,832,158
141632,SANTANDER,SURATA,0,2055,1932,3987,333,614,1603,935,435,67
141785,SANTANDER,TONA,2,4118,3600,7718,654,1309,3413,1648,615,77
141938,SANTANDER,VALLE DE SAN JOSE,2,3203,3133,6336,474,1031,2724,1427,607,71
142091,SANTANDER,VELEZ,16,13154,12065,25219,1279,3291,11433,5821,2918,461
142244,SANTANDER,VETAS,0,1100,1068,2168,154,351,947,487,201,28
142397,SANTANDER,VILLANUEVA,2,3920,4062,7982,547,1205,3131,1991,969,137
142550,SANTANDER,ZAPATOCA,2,4656,4910,9566,745,1539,3589,2266,1246,179
142703,SUCRE,SINCELEJO,125,142123,151828,293951,24172,49544,138472,57909,21203,2526
142856,SUCRE,BUENAVISTA,2,5484,5480,10964,988,2017,4723,2262,856,116
143009,SUCRE,CAIMITO,4,8311,7717,16028,1376,3029,7348,2901,1205,165
143162,SUCRE,COLOSO,12,4575,4157,8732,755,1535,3727,1748,822,133
143315,SUCRE,COROZAL,27,34873,35980,70853,5449,11641,32064,14759,6149,764
143468,SUCRE,COVEÑAS,6,11008,8508,19516,1529,3087,10746,3113,908,127
143621,SUCRE,CHALAN,0,2462,2142,4604,352,824,2036,922,402,68
143774,SUCRE,EL ROBLE,4,5371,5068,10439,908,1916,4455,2062,971,123
143927,SUCRE,GALERAS,10,11872,11366,23238,2165,4459,10250,4260,1842,252
144080,SUCRE,GUARANDA,6,9609,8992,18601,1980,3851,8033,3300,1259,172
144233,SUCRE,LA UNION,4,6737,6257,12994,1025,2282,5658,2626,1214,185
144386,SUCRE,LOS PALMITOS,9,12130,11754,23884,2125,4123,10360,4925,2071,271
144539,SUCRE,MAJAGUAL,18,19856,18450,38306,3785,7443,16366,7156,3110,428
144692,SUCRE,MORROA,8,7934,7924,15858,1447,2781,7237,3078,1146,161
144845,SUCRE,OVEJAS,9,12049,11387,23436,1924,3973,10249,4735,2269,277
144998,SUCRE,PALMITO,8,7768,7288,15056,1472,2984,7149,2324,966,153
145151,SUCRE,SAMPUES,18,24695,24124,48819,4587,9063,22848,8542,3339,422
145304,SUCRE,SAN BENITO ABAD,20,15576,14198,29774,2636,5689,13315,5533,2306,275
145457,SUCRE,SAN JUAN DE BETULIA,8,7258,6933,14191,1038,2316,6103,3307,1262,157
145610,SUCRE,SAN MARCOS,40,30172,30394,60566,5634,11838,26427,11131,4829,667
145763,SUCRE,SAN ONOFRE,20,25965,25144,51109,5105,10797,21560,9162,3923,542
145916,SUCRE,SAN PEDRO,6,9671,9539,19210,1626,3362,8061,4126,1810,219
146069,SUCRE,SAN LUIS DE SINCE,14,16088,15815,31903,2576,5398,13380,6937,3077,521
146222,SUCRE,SUCRE,14,16551,14263,30814,2853,5599,12553,6336,3049,410
146375,SUCRE,SANTIAGO DE TOLU,11,16769,17348,34117,3292,6653,15228,6373,2263,297
146528,SUCRE,TOLU VIEJO,14,11304,10985,22289,1888,3977,9981,4311,1847,271
146681,TOLIMA,IBAGUE,242,258275,282826,541101,31632,72847,248757,124789,55928,6906
146834,TOLIMA,ALPUJARRA,0,2300,2158,4458,272,684,1561,1189,633,119
146987,TOLIMA,ALVARADO,4,4447,4268,8715,621,1348,3519,2093,993,137
147140,TOLIMA,AMBALEMA,2,3340,3221,6561,427,1000,2504,1675,855,98
147293,TOLIMA,ANZOATEGUI,2,5237,4769,10006,828,1896,4251,2164,783,82
147446,TOLIMA,ARMERO,4,6126,5912,12038,761,1750,4598,3176,1572,177
147599,TOLIMA,ATACO,6,10020,9097,19117,1933,3950,7831,3616,1565,216
147752,TOLIMA,CAJAMARCA,4,9516,8926,18442,1468,3030,8052,4051,1640,197
147905,TOLIMA,CARMEN DE APICALA,2,5223,5225,10448,653,1513,4437,2523,1167,153
148058,TOLIMA,CASABIANCA,2,3374,2923,6297,509,1095,2518,1493,608,72
148211,TOLIMA,CHAPARRAL,11,25889,24852,50741,4306,9340,21614,10137,4677,656
148364,TOLIMA,COELLO,2,4211,4109,8320,582,1305,3204,1939,1135,153
148517,TOLIMA,COYAIMA,7,11472,11018,22490,1891,4166,8355,4777,2911,383
148670,TOLIMA,CUNDAY,2,4369,4003,8372,598,1381,2847,2117,1280,147
148823,TOLIMA,DOLORES,2,4245,3940,8185,571,1270,3048,2059,1062,173
148976,TOLIMA,ESPINAL,53,34855,36160,71015,4396,9908,30868,17314,7545,931
149129,TOLIMA,FALAN,2,3834,3552,7386,513,1190,2713,1888,957,123
149282,TOLIMA,FLANDES,8,14081,14534,28615,1943,4213,11976,6967,3205,303
149435,TOLIMA,FRESNO,10,16007,15184,31191,2161,4997,13236,7343,3068,376
149588,TOLIMA,GUAMO,10,16235,16537,32772,2117,4857,12552,8169,4493,574
149741,TOLIMA,HERVEO,2,3703,3510,7213,493,1189,2886,1815,747,81
149894,TOLIMA,HONDA,10,12032,12510,24542,1372,3200,9792,6322,3410,436
150047,TOLIMA,ICONONZO,4,6180,5713,11893,842,1861,4460,2814,1680,232
150200,TOLIMA,LERIDA,8,9126,9491,18617,1252,2718,7352,4709,2285,293
150353,TOLIMA,LIBANO,23,17873,18358,36231,2250,5440,13866,9225,4785,642
150506,TOLIMA,MARIQUITA,12,18835,19498,38333,2574,5780,16219,9060,4189,499
150659,TOLIMA,MELGAR,20,19042,18640,37682,2713,5618,18306,7782,2900,343
150812,TOLIMA,MURILLO,0,2235,1908,4143,336,784,1740,901,357,25
150965,TOLIMA,NATAGAIMA,10,7322,7350,14672,876,2158,5302,3693,2289,344
151118,TOLIMA,ORTEGA,24,17783,16537,34320,2929,6302,14051,6618,3814,582
151271,TOLIMA,PALOCABILDO,2,5073,4741,9814,828,1746,3878,2244,992,124
151424,TOLIMA,PIEDRAS,2,3540,3221,6761,419,981,2860,1579,786,134
151577,TOLIMA,PLANADAS,7,13390,12409,25799,2856,5550,11387,4336,1491,172
151730,TOLIMA,PRADO,4,4331,4084,8415,632,1348,3134,2133,1033,131
151883,TOLIMA,PURIFICACION,9,11656,11882,23538,1643,3454,9025,5930,3023,454
152036,TOLIMA,RIOBLANCO,7,11879,10738,22617,2663,4990,9632,3833,1332,160
152189,TOLIMA,RONCESVALLES,2,2903,2576,5479,470,1058,2391,1116,400,42
152342,TOLIMA,ROVIRA,10,11048,10443,21491,1740,4016,8981,4399,2031,314
152495,TOLIMA,SALDAÑA,4,7110,7363,14473,961,2224,5831,3533,1680,240
152648,TOLIMA,SAN ANTONIO,4,6576,5994,12570,1095,2448,5154,2559,1107,203
152801,TOLIMA,SAN LUIS,16,6852,6599,13451,833,2018,4929,3352,2001,302
152954,TOLIMA,SANTA ISABEL,2,3010,2663,5673,434,1019,2310,1290,544,74
153107,TOLIMA,SUAREZ,0,1947,1825,3772,229,492,1432,950,583,86
153260,TOLIMA,VALLE DE SAN JUAN,0,2731,2629,5360,356,866,1986,1286,751,115
153413,TOLIMA,VENADILLO,4,6526,6197,12723,879,2016,4870,3115,1623,216
153566,TOLIMA,VILLAHERMOSA,5,4800,4386,9186,757,1605,3601,2228,906,84
153719,TOLIMA,VILLARRICA,2,2619,2341,4960,376,751,1718,1240,766,107
153872,VALLE,CALI,1460,1050869,1201747,2252616,157990,321059,1004010,513684,224825,29588
154025,VALLE,ALCALA,2,7192,7103,14295,1089,2383,5760,3330,1571,160
154178,VALLE,ANDALUCIA,9,10933,11661,22594,1662,3537,9218,5309,2520,339
154331,VALLE,ANSERMANUEVO,4,8737,8579,17316,1512,3097,6957,3897,1679,170
154484,VALLE,ARGELIA,0,2732,2445,5177,391,956,1943,1263,574,50
154637,VALLE,BOLIVAR,11,7885,7829,15714,1381,2835,6010,3411,1806,260
154790,VALLE,BUENAVENTURA,128,148113,163714,311827,36983,70340,137068,48513,17122,1673
154943,VALLE,GUADALAJARA DE BUGA,71,61664,67281,128945,9330,19391,54459,30037,13932,1725
155096,VALLE,BUGALAGRANDE,10,12055,12410,24465,1688,3845,9964,5818,2788,352
155249,VALLE,CAICEDONIA,14,14139,14382,28521,1898,4361,11400,7034,3361,453
155402,VALLE,CALIMA,12,9097,9169,18266,1315,2946,7655,4293,1836,209
155555,VALLE,CANDELARIA,41,45630,48581,94211,8098,16026,42227,19753,7242,824
155708,VALLE,CARTAGO,33,63976,73326,137302,8991,20033,57777,32353,16281,1834
155861,VALLE,DAGUA,13,24675,24340,49015,3970,8280,20007,10699,5452,594
156014,VALLE,EL AGUILA,2,4482,4080,8562,699,1582,3265,2083,856,75
156167,VALLE,EL CAIRO,1,3500,3006,6506,545,1135,2445,1568,743,69
156320,VALLE,EL CERRITO,26,27407,29726,57133,4331,9105,24365,13072,5599,635
156473,VALLE,EL DOVIO,4,4213,4403,8616,811,1654,3400,1799,846,102
156626,VALLE,FLORIDA,28,28145,29816,57961,4617,9907,25602,11961,5245,601
156779,VALLE,GINEBRA,13,11371,11675,23046,1600,3655,9696,5266,2519,297
156932,VALLE,GUACARI,12,16240,17338,33578,2615,5544,14081,7688,3197,441
157085,VALLE,JAMUNDI,110,81026,86121,167147,12481,26403,76643,36675,13237,1598
157238,VALLE,LA CUMBRE,14,8369,8140,16509,1031,2343,6199,4193,2396,333
157391,VALLE,LA UNION,11,16261,18232,34493,2463,5549,14240,8237,3608,385
157544,VALLE,LA VICTORIA,42,5616,6251,11867,764,1736,4279,3141,1652,253
157697,VALLE,OBANDO,2,5924,6118,12042,920,2037,4763,2807,1367,146
157850,VALLE,PALMIRA,306,169249,185036,354285,25653,52138,153641,81149,36708,4690
158003,VALLE,PRADERA,19,23073,25092,48165,3721,8532,21342,9594,4392,565
158156,VALLE,RESTREPO,4,7580,7724,15304,1218,2567,6333,3399,1583,200
158309,VALLE,RIOFRIO,4,7692,7771,15463,1261,2633,6098,3661,1610,196
158462,VALLE,ROLDANILLO,19,17433,19353,36786,2491,5728,14851,8943,4230,524
158615,VALLE,SAN PEDRO,4,8494,8707,17201,1349,2863,7266,3861,1656,202
158768,VALLE,SEVILLA,19,20363,20790,41153,2641,6265,16138,10118,5347,625
158921,VALLE,TORO,4,6927,7462,14389,1066,2524,5497,3412,1709,177
159074,VALLE,TRUJILLO,4,9523,9459,18982,1515,3444,7305,4376,2086,252
159227,VALLE,TULUA,96,103689,115123,218812,15745,34537,94235,49599,21970,2630
159380,VALLE,ULLOA,0,2792,2589,5381,413,907,2129,1262,607,63
159533,VALLE,VERSALLES,3,3404,3546,6950,512,1102,2609,1762,868,94
159686,VALLE,VIJES,4,6535,6349,12884,937,1998,5258,2954,1517,216
159839,VALLE,YOTOCO,4,8106,8091,16197,1179,2586,6747,3752,1724,205
159992,VALLE,YUMBO,55,53232,56837,110069,8378,17710,50158,23669,8949,1150
160145,VALLE,ZARZAL,19,20075,22332,42407,3190,7021,18170,9289,4215,503
160298,ARAUCA,ARAUCA,17,48097,48717,96814,8925,16772,48651,17179,4735,535
160451,ARAUCA,ARAUQUITA,9,29272,26937,56209,6178,11409,26656,8754,2838,365
160604,ARAUCA,CRAVO NORTE,0,2162,1981,4143,428,701,1914,777,276,47
160757,ARAUCA,FORTUL,2,10054,10094,20148,2257,4189,9638,2946,961,155
160910,ARAUCA,PUERTO RONDON,0,2542,2377,4919,490,887,2325,872,306,39
161063,ARAUCA,SARAVENA,13,30863,32141,63004,6303,11912,30613,10169,3540,454
161216,ARAUCA,TAME,11,24622,24347,48969,5311,9848,23293,7778,2396,332
161369,CASANARE,YOPAL,15,87865,89823,177688,15132,29569,92492,32105,7733,642
161522,CASANARE,AGUAZUL,5,19025,18985,38010,3327,6610,18594,7211,2071,192
161675,CASANARE,CHAMEZA,0,1368,1266,2634,238,482,1207,517,171,19
161828,CASANARE,HATO COROZAL,1,6318,5790,12108,1348,2729,5356,1939,654,81
161981,CASANARE,LA SALINA,0,740,629,1369,125,303,659,181,91,10
162134,CASANARE,MANI,1,9130,8333,17463,1710,3177,8178,3309,980,108
162287,CASANARE,MONTERREY,3,8943,9066,18009,1616,3103,8436,3612,1120,119
162440,CASANARE,NUNCHIA,0,4686,4027,8713,859,1567,3890,1736,600,61
162593,CASANARE,OROCUE,1,6499,6153,12652,1411,2816,5626,2073,665,60
162746,CASANARE,PAZ DE ARIPORO,8,18952,18395,37347,3954,7355,17156,6479,2179,216
162899,CASANARE,PORE,1,6180,5879,12059,1249,2432,5595,2013,684,85
163052,CASANARE,RECETOR,0,989,807,1796,157,271,785,417,150,16
163205,CASANARE,SABANALARGA,0,1815,1754,3569,260,579,1593,783,316,38
163358,CASANARE,SACAMA,0,1048,1011,2059,211,378,992,338,132,8
163511,CASANARE,SAN LUIS DE PALENQUE,0,4309,4037,8346,855,1603,3748,1551,542,47
163664,CASANARE,TAMARA,0,3484,3083,6567,639,1402,2781,1191,489,65
163817,CASANARE,TAURAMENA,3,12761,12412,25173,2327,4724,12474,4365,1174,106
163970,CASANARE,TRINIDAD,1,6813,6636,13449,1479,2670,6163,2299,767,70
164123,CASANARE,VILLANUEVA,3,18293,17891,36184,3288,6433,17759,6631,1909,161
164276,PUTUMAYO,MOCOA,12,28811,30127,58938,4710,9416,29797,10743,3774,486
164429,PUTUMAYO,COLON,2,2634,2896,5530,492,851,2548,1084,488,65
164582,PUTUMAYO,ORITO,9,19277,19467,38744,3618,7520,18964,6261,2146,226
164735,PUTUMAYO,PUERTO ASIS,19,33738,33473,67211,5685,12176,33896,11350,3678,407
164888,PUTUMAYO,PUERTO CAICEDO,4,8307,7700,16007,1500,2808,7691,2905,966,133
165041,PUTUMAYO,PUERTO GUZMAN,10,19299,17366,36665,4084,8274,16396,6001,1684,216
165194,PUTUMAYO,PUERTO LEGUIZAMO,7,15656,13838,29494,3411,6638,13647,4326,1321,144
165347,PUTUMAYO,SIBUNDOY,4,7390,8083,15473,1188,2405,7125,3210,1348,193
165500,PUTUMAYO,SAN FRANCISCO,2,2707,2860,5567,413,908,2518,1065,579,82
165653,PUTUMAYO,SAN MIGUEL,4,9848,9586,19434,1906,3802,9532,3079,1003,108
165806,PUTUMAYO,SANTIAGO,4,3536,3772,7308,717,1287,3289,1250,631,130
165959,PUTUMAYO,VALLE DEL GUAMUEZ,9,17374,17286,34660,2718,6292,17414,6086,1932,209
166112,PUTUMAYO,VILLAGARZON,5,12036,12060,24096,2318,4612,11836,3845,1300,180
166265,SAN ANDRES,SAN ANDRES,27,27693,29740,57433,4445,8321,25322,14690,4302,326
166418,SAN ANDRES,PROVIDENCIA,0,3045,3214,6259,481,1002,2692,1523,518,43
166571,AMAZONAS,LETICIA,11,25486,24251,49737,5722,11174,23263,7222,2060,285
166724,AMAZONAS,EL ENCANTO (CD),0,1130,947,2077,263,563,855,273,110,13
166877,AMAZONAS,LA CHORRERA (CD),0,1653,1302,2955,375,982,1094,331,158,15
167030,AMAZONAS,LA PEDRERA (CD),1,2063,1884,3947,499,1003,1755,470,165,54
167183,AMAZONAS,LA VICTORIA (CD),0,323,339,662,85,141,266,118,18,34
167336,AMAZONAS,MIRITI - PARANA (CD),0,1047,832,1879,239,479,861,186,97,17
167489,AMAZONAS,PUERTO ALEGRIA (CD),0,425,346,771,126,192,314,92,37,10
167642,AMAZONAS,PUERTO ARICA (CD),0,539,503,1042,149,242,408,159,72,12
167795,AMAZONAS,PUERTO NARIÑO,1,5349,4890,10239,1303,2716,4547,1178,410,84
167948,AMAZONAS,PUERTO SANTANDER (CD),0,933,839,1772,231,504,684,228,105,20
168101,AMAZONAS,TARAPACA (CD),2,2087,1852,3939,570,1060,1666,422,159,60
168254,GUAINIA,INIRIDA,8,17345,16338,33683,3849,7812,15935,4543,1314,222
168407,GUAINIA,BARRANCOMINAS,0,4841,4213,9054,1701,3063,3476,638,158,18
168560,GUAINIA,MAPIRIPANA (CD),0,0,0,0,0,0,0,0,0,0
168713,GUAINIA,SAN FELIPE (CD),0,899,844,1743,238,529,723,198,52,3
168866,GUAINIA,PUERTO COLOMBIA (CD),0,1038,946,1984,265,609,793,223,91,3
169019,GUAINIA,LA GUADALUPE (CD),0,155,141,296,54,100,107,20,12,3
169172,GUAINIA,CACAHUAL (CD),0,461,442,903,124,315,340,93,28,3
169325,GUAINIA,PANA PANA (CD),0,1071,940,2011,362,556,831,196,62,4
169478,GUAINIA,MORICHAL (CD),0,499,463,962,156,279,408,86,30,3
169631,GUAVIARE,SAN JOSE DEL GUAVIARE,13,28520,27300,55820,6014,11211,26609,9029,2735,209
169784,GUAVIARE,CALAMAR,10,5636,4433,10069,1161,1951,4577,1860,453,57
169937,GUAVIARE,EL RETORNO,10,7393,6329,13722,1450,3178,5812,2507,701,64
170090,GUAVIARE,MIRAFLORES,0,4296,2750,7046,768,1639,2707,1532,381,19
170243,VAUPES,MITU,7,17105,15688,32793,4468,9595,13619,3738,1221,145
170396,VAUPES,CARURU,0,1726,1475,3201,427,1014,1272,342,123,23
170549,VAUPES,PACOA (CD),2,2314,2108,4422,811,1424,1729,340,81,35
170702,VAUPES,TARAIRA,0,1248,1175,2423,416,682,1003,248,63,11
170855,VAUPES,PAPUNAHUA (CD),0,436,340,776,170,189,297,84,25,11
171008,VAUPES,YAVARATE (CD),0,569,528,1097,94,461,412,82,37,11
171161,VICHADA,PUERTO CARREÑO,4,10520,9774,20294,2106,3856,10392,3089,797,50
171314,VICHADA,LA PRIMAVERA,1,5055,4553,9608,948,2097,4546,1534,436,46
171467,VICHADA,SANTA ROSALIA,0,2173,2020,4193,381,970,1977,671,180,14
171620,VICHADA,CUMARIBO,18,41840,37023,78863,10538,21092,35333,9348,2364,170
172621,COLOMBIA,COLOMBIA,19219,20887044,21741425,42628469,3433969,6938817,19541755,8757142,3512813,424754
